
as12, an absolute assembler for Motorola MCU's, version 1.2h

                        *******************************************************************************
                        ;                            Proyecto Velodromo
                        ; Autor: Danna Guevara Quesada
                        ; Descripcion: Este sistema está diseñado para un velódromo de entrenamiento
                        ; ciclista. Utiliza dos sensores (S1 y S2) para detectar el paso
                        ; del ciclista y calcular su velocidad promedio. La información se muestra en
                        ; una pantalla LCD 2x16 y un display de 7 segmentos de 4 dígitos.
                        ;
                        ; El sistema opera en cuatro modos:
                        ; 1. ESPERA: Sistema inactivo, muestra mensaje en LCD.
                        ; 2. CONFIGURAR: Permite programar el número de vueltas del entrenamiento.
                        ; 3. CORRER: Ejecuta el ciclo de entrenamiento, calcula velocidad y muestra datos.
                        ; 4. RESUMEN: Muestra la velocidad promedio y vueltas realizadas.
                        
                        #include registers.inc
                        ; Memory maps and register equates
                        ; Choose one of DBUG12MAP (normal operation under DBUG12)
                        ;               EEPROMMAP  (DBUG12 in EEPROM mode)
                        ;               FLASHMAP   (Program loaded into Flash ROM)
0000                    DBUG12MAP equ 0        ; Memory mode is DBUG12MAP
                        ; EEPROMMAP equ 0         ; Memory mode is EEPROMMAP
                        #ifdef DBUG12MAP
0000                    REGBASE        equ        $0        ; register base
1000                    DATASTART equ        $1000        ; Start of data memory
2000                    DATAEND  equ        $2000        ; Stack pointer initial value (end of data RAM area)
2000                    PRSTART equ        $2000        ; Start of program memory (might be ROM)
3bff                    PREND        equ        $3BFF        ; End of program memory
                        
                        ; Functions in D-Bug12
ee84                    Getchar        equ        $EE84        ; Implemented in emulator
ee86                    Putchar equ        $EE86   ; Implemented in emulator
ee88                    Printf  equ     $EE88
ee8a                    GetCmdLine equ  $EE8A   ; FAR call
ee8e                    Sscanhex equ        $EE8E   ; FAR call
ee92                    Isxdigit equ    $EE92
ee94                    Toupper equ     $EE94
ee96                    Isalpha equ     $EE96
ee98                    Strlen  equ     $EE98
ee9a                    Strcpy  equ     $EE9A
ee9c                    Out2hex equ     $EE9C   ; FAR call
eea0                    Out4hex equ     $EEA0   ; FAR call
eea4                    SetUserVector equ $EEA4 ; No longer used
eea6                    WriteEEByte equ $EEA6   ; FAR call
eeaa                    EraseEE equ     $EEAA   ; FAR call
eeae                    ReadMem equ     $EEAE   ; FAR call
eeb2                    WriteMem equ    $EEB2   ; FAR call
                        
3e00                    VECTORTABLE equ $3E00        ; Vectors go here SHOULD ALSO INITIALIZE AT RUNTIME
0000                    STATICVECTORS equ 0        ; Define vectors statically (in "ROM")
0000                    INITIALIZEVECTORS equ 0        ; Initialize vectors at runtime
                        #endif
                        
                        #ifdef EEPROMMAP
                        REGBASE        equ        $0        ; register base MAY BE MOVED TO MAKE FULL EEPROM ACCESSABLE
                        DATASTART equ        $1000        ; Start of data memory
                        DATAEND  equ        $3E00        ; Stack pointer initial value (end of data RAM area)
                        PRSTART equ        $400        ; Start of program memory
                        PREND        equ        $FFF        ; End of program memory
                        
                        VECTORTABLE equ $3E00        ; Vectors go here -- MUST BE INITIALIZED AT RUNTIME
                        INITIALIZEVECTORS equ 0        ; Initialize vectors at runtime
                        #endif
                        
                        #ifdef FLASHMAP
                        REGBASE        equ        $0        ; register base MAY BE MOVED TO MAKE FULL EEPROM ACCESSABLE
                        DATASTART equ        $1000        ; Start of data memory
                        DATAEND  equ        $4000        ; Stack pointer initial value (end of data RAM area)
                        PRSTART equ        $8000        ; Start of program memory
                        ; Note -- there are problems using the current free assemblers with paged memory
                        ; Best bet is to use logical addresses $8000 up only, set page register to 3E,
                        ; Change S1 records for $8000-BFFF to S2 records for page 3E and S1 records for $C000-$EFFF to
                        ; page 3F. Program startup vector goes in EFFE, and needs to be iin page 3F so PPAGE can be changed. 
                        PREND        equ        $EF7F        ; End of program memory
                        
                        VECTORTABLE equ $EF80        ; Vectors go here -- MUST BE INITIALIZED STATICALLY
                        STATICVECTORS equ 0        ; Define vectors statically (in "ROM")
                        #endif
                        
                        
1000                    RAMSTART equ        DATASTART ; For compatibility
2000                    RAMEND equ        DATAEND   
                        
3e00                    UserRsrv0x80 equ (0*2)+VECTORTABLE
3e02                    UserRsrv0x82 equ (1*2)+VECTORTABLE
3e04                    UserRsrv0x84 equ (2*2)+VECTORTABLE
3e06                    UserRsrv0x86 equ (3*2)+VECTORTABLE
3e08                    UserRsrv0x88 equ (4*2)+VECTORTABLE
3e0a                    UserRsrv0x8a equ (5*2)+VECTORTABLE
3e0c                    UserPWMShDn equ (6*2)+VECTORTABLE
3e0e                    UserPortP equ (7*2)+VECTORTABLE
3e10                    UserMSCAN4Tx equ (8*2)+VECTORTABLE
3e12                    UserMSCAN4Rx equ (9*2)+VECTORTABLE
3e14                    UserMSCAN4Errs equ (10*2)+VECTORTABLE
3e16                    UserMSCAN4Wake equ (11*2)+VECTORTABLE
3e18                    UserMSCAN3Tx equ (12*2)+VECTORTABLE
3e1a                    UserMSCAN3Rx equ (13*2)+VECTORTABLE
3e1c                    UserMSCAN3Errs equ (14*2)+VECTORTABLE
3e1e                    UserMSCAN3Wake equ (15*2)+VECTORTABLE
3e20                    UserMSCAN2Tx equ (16*2)+VECTORTABLE
3e22                    UserMSCAN2Rx equ (17*2)+VECTORTABLE
3e24                    UserMSCAN2Errs equ (18*2)+VECTORTABLE
3e26                    UserMSCAN2Wake equ (19*2)+VECTORTABLE
3e28                    UserMSCAN1Tx equ (20*2)+VECTORTABLE
3e2a                    UserMSCAN1Rx equ (21*2)+VECTORTABLE
3e2c                    UserMSCAN1Errs equ (22*2)+VECTORTABLE
3e2e                    UserMSCAN1Wake equ (23*2)+VECTORTABLE
3e30                    UserMSCAN0Tx equ (24*2)+VECTORTABLE
3e32                    UserMSCAN0Rx equ (25*2)+VECTORTABLE
3e34                    UserMSCAN0Errs equ (26*2)+VECTORTABLE
3e36                    UserMSCAN0Wake equ (27*2)+VECTORTABLE
3e38                    UserFlash equ (28*2)+VECTORTABLE
3e3a                    UserEEPROM equ (29*2)+VECTORTABLE
3e3c                    UserSPI2 equ (30*2)+VECTORTABLE
3e3e                    UserSPI1 equ (31*2)+VECTORTABLE
3e40                    UserIIC equ (32*2)+VECTORTABLE
3e42                    UserDLC equ (33*2)+VECTORTABLE
3e44                    UserSCME equ (34*2)+VECTORTABLE
3e46                    UserCRG equ (35*2)+VECTORTABLE
3e48                    UserPAccBOv equ (36*2)+VECTORTABLE
3e4a                    UserModDwnCtr equ (37*2)+VECTORTABLE
3e4c                    UserPortH equ (38*2)+VECTORTABLE
3e4e                    UserPortJ equ (39*2)+VECTORTABLE
3e50                    UserAtoD1 equ (40*2)+VECTORTABLE
3e52                    UserAtoD0 equ (41*2)+VECTORTABLE
3e54                    UserSCI1 equ (42*2)+VECTORTABLE
3e56                    UserSCI0 equ (43*2)+VECTORTABLE
3e58                    UserSPI0 equ (44*2)+VECTORTABLE
3e5a                    UserPAccEdge equ (45*2)+VECTORTABLE
3e5c                    UserPAccOvf equ (46*2)+VECTORTABLE
3e5e                    UserTimerOvf equ (47*2)+VECTORTABLE
3e60                    UserTimerCh7 equ (48*2)+VECTORTABLE
3e62                    UserTimerCh6 equ (49*2)+VECTORTABLE
3e64                    UserTimerCh5 equ (50*2)+VECTORTABLE
3e66                    UserTimerCh4 equ (51*2)+VECTORTABLE
3e68                    UserTimerCh3 equ (52*2)+VECTORTABLE
3e6a                    UserTimerCh2 equ (53*2)+VECTORTABLE
3e6c                    UserTimerCh1 equ (54*2)+VECTORTABLE
3e6e                    UserTimerCh0 equ (55*2)+VECTORTABLE
3e70                    UserRTI equ (56*2)+VECTORTABLE
3e72                    UserIRQ equ (57*2)+VECTORTABLE
3e74                    UserXIRQ equ (58*2)+VECTORTABLE
3e76                    UserSWI equ (59*2)+VECTORTABLE
3e78                    UserTrap equ (60*2)+VECTORTABLE
                        
                        
                        *
                        *
                        *  HC12 i/o register locations (9s12dp256)
                        *
                        *
0000                    PORTA:          equ REGBASE+0   ;port a = address lines a8 - a15
0001                    PORTB:          equ REGBASE+1   ;port b = address lines a0 - a7
0002                    DDRA:           equ REGBASE+2   ;port a direction register
0003                    DDRB:           equ REGBASE+3   ;port b direction register
                        
0008                    PORTE:          equ REGBASE+8   ;port e = mode,irq and control signals
0009                    DDRE:           equ REGBASE+9   ;port e direction register
000a                    PEAR:           equ REGBASE+$a  ;port e assignments
000b                    MODE:           equ REGBASE+$b  ;mode register
000c                    PUCR:           equ REGBASE+$c  ;port pull-up control register
000d                    RDRIV:          equ REGBASE+$d  ;port reduced drive control register
000e                    EBICTL:                equ REGBASE+$e  ;e stretch control
                        
0010                    INITRM:         equ REGBASE+$10 ;ram location register
0011                    INITRG:         equ REGBASE+$11 ;register location register
0012                    INITEE:         equ REGBASE+$12 ;eeprom location register
0013                    MISC:           equ REGBASE+$13 ;miscellaneous mapping control
0014                    MTST0:          equ REGBASE+$14 ; reserved
0015                    ITCR:           equ REGBASE+$15 ;interrupt test control register
0016                    ITEST:          equ REGBASE+$16 ;interrupt test register
0017                    MTST1:          equ REGBASE+$17 ; reserved
                        
001a                    PARTIDH:        equ REGBASE+$1a ;part id high
001b                    PARTIDL:        equ REGBASE+$1b ;part id low
001c                    MEMSIZ0:        equ REGBASE+$1c ;memory size
001d                    MEMSIZ1:        equ REGBASE+$1d ;memory size
001e                    IRQCR:          equ REGBASE+$1e ;interrupt control register
001e                    INTCR:          equ REGBASE+$1e ;interrupt control register (old name)
001f                    HPRIO:          equ REGBASE+$1f ;high priority reg
                        
0028                    BKPCT0:         equ REGBASE+$28 ;break control register
0029                    BKPCT1:         equ REGBASE+$29 ;break control register
002a                    BKP0X:          equ REGBASE+$2a ; break 0 index register
002b                    BKP0H:          equ REGBASE+$2b ; break 0 pointer high
002c                    BRP0L:          equ REGBASE+$2c ; break 0 pointer low
002d                    BKP1X:          equ REGBASE+$2d ; break 1 index register
002e                    BKP1H:          equ REGBASE+$2e ; break 1 pointer high
002f                    BRP1L:          equ REGBASE+$2f ; break 1 pointer low
0030                    PPAGE:                equ REGBASE+$30 ;program page register
                        
0032                    PORTK:                equ REGBASE+$32 ;port k data
0033                    DDRK:                equ REGBASE+$33 ;port k direction
                        
0034                    SYNR:           equ REGBASE+$34 ; synthesizer / multiplier register
0035                    REFDV:          equ REGBASE+$35 ; reference divider register
0036                    CTFLG:          equ REGBASE+$36 ; reserved
0037                    CRGFLG:         equ REGBASE+$37 ; pll flags register
0038                    CRGINT:         equ REGBASE+$38 ; pll interrupt register
0039                    CLKSEL:         equ REGBASE+$39 ; clock select register
003a                    PLLCTL:         equ REGBASE+$3a ; pll control register
003b                    RTICTL:         equ REGBASE+$3b ;real time interrupt control
003c                    COPCTL:         equ REGBASE+$3c ;watchdog control
003d                    FORBYP:         equ REGBASE+$3d ;
003e                    CTCTL:          equ REGBASE+$3e ;
003f                    ARMCOP:         equ REGBASE+$3f ;cop reset register
                        
0040                    TIOS:           equ REGBASE+$40 ;timer input/output select
0041                    CFORC:          equ REGBASE+$41 ;timer compare force
0042                    OC7M:           equ REGBASE+$42 ;timer output compare 7 mask
0043                    OC7D:           equ REGBASE+$43 ;timer output compare 7 data
0044                    TCNT:           equ REGBASE+$44 ;timer counter register hi
                        *TCNT:          equ REGBASE+$45 ;timer counter register lo
0046                    TSCR:           equ REGBASE+$46 ;timer system control register (Old Name)
0046                    TSCR1:          equ REGBASE+$46 ;timer system control register
0047                    TTOV:           equ REGBASE+$47 ;reserved
0048                    TCTL1:          equ REGBASE+$48 ;timer control register 1
0049                    TCTL2:          equ REGBASE+$49 ;timer control register 2
004a                    TCTL3:          equ REGBASE+$4a ;timer control register 3
004b                    TCTL4:          equ REGBASE+$4b ;timer control register 4
004c                    TMSK1:          equ REGBASE+$4c ;timer interrupt mask 1 (Old Name)
004c                    TIE:            equ REGBASE+$4c ;timer interrupt mask 1
004d                    TMSK2:          equ REGBASE+$4d ;timer interrupt mask 2 (Old Name)
004d                    TSCR2:          equ REGBASE+$4d ;timer interrupt mask 2
004e                    TFLG1:          equ REGBASE+$4e ;timer flags 1
004f                    TFLG2:          equ REGBASE+$4f ;timer flags 2
0050                    TC0:            equ REGBASE+$50 ;timer capture/compare register 0
0052                    TC1:            equ REGBASE+$52 ;timer capture/compare register 1
0054                    TC2:            equ REGBASE+$54 ;timer capture/compare register 2
0056                    TC3:            equ REGBASE+$56 ;timer capture/compare register 3
0058                    TC4:            equ REGBASE+$58 ;timer capture/compare register 4
005a                    TC5:            equ REGBASE+$5a ;timer capture/compare register 5
005c                    TC6:            equ REGBASE+$5c ;timer capture/compare register 6
005e                    TC7:            equ REGBASE+$5e ;timer capture/compare register 7
0060                    PACTL:          equ REGBASE+$60 ;pulse accumulator controls
0061                    PAFLG:          equ REGBASE+$61 ;pulse accumulator flags
0062                    PACN3:          equ REGBASE+$62 ;pulse accumulator counter 3
0063                    PACN2:          equ REGBASE+$63 ;pulse accumulator counter 2
0064                    PACN1:          equ REGBASE+$64 ;pulse accumulator counter 1
0065                    PACN0:          equ REGBASE+$65 ;pulse accumulator counter 0
0066                    MCCTL:          equ REGBASE+$66 ;modulus down conunter control
0067                    MCFLG:          equ REGBASE+$67 ;down counter flags
0068                    ICPAR:          equ REGBASE+$68 ;input pulse accumulator control
0069                    DLYCT:          equ REGBASE+$69 ;delay count to down counter
006a                    ICOVW:          equ REGBASE+$6a ;input control overwrite register
006b                    ICSYS:          equ REGBASE+$6b ;input control system control
                        
006d                    TIMTST:         equ REGBASE+$6d ;timer test register
                        
0070                    PBCTL:          equ REGBASE+$70 ; pulse accumulator b control
0071                    PBFLG:          equ REGBASE+$71 ; pulse accumulator b flags
0072                    PA3H:           equ REGBASE+$72 ; pulse accumulator holding register 3
0073                    PA2H:           equ REGBASE+$73 ; pulse accumulator holding register 2
0074                    PA1H:           equ REGBASE+$74 ; pulse accumulator holding register 1
0075                    PA0H:           equ REGBASE+$75 ; pulse accumulator holding register 0
0076                    MCCNT:          equ REGBASE+$76 ; modulus down counter register
                        *MCCNTL:        equ REGBASE+$77 ; low byte
0078                    TCOH:           equ REGBASE+$78 ; capture 0 holding register
007a                    TC1H:           equ REGBASE+$7a ; capture 1 holding register
007c                    TC2H:           equ REGBASE+$7c ; capture 2 holding register
007e                    TC3H:           equ REGBASE+$7e ; capture 3 holding register
                        
0080                    ATD0CTL0:       equ REGBASE+$80 ;adc control 0 (reserved)
0081                    ATD0CTL1:       equ REGBASE+$81 ;adc control 1 (reserved)
0082                    ATD0CTL2:       equ REGBASE+$82 ;adc control 2
0083                    ATD0CTL3:       equ REGBASE+$83 ;adc control 3
0084                    ATD0CTL4:       equ REGBASE+$84 ;adc control 4
0085                    ATD0CTL5:       equ REGBASE+$85 ;adc control 5
0086                    ATD0STAT:       equ REGBASE+$86 ;adc status register hi
0086                    ATD0STAT0:      equ REGBASE+$86 ;adc status register hi
008b                    ATD0STAT1:      equ REGBASE+$8b ;adc status register lo
0088                    ATD0TEST:       equ REGBASE+$88 ;adc test (reserved)
                        *atd0test       equ REGBASE+$89 ;
                        
008d                    ATD0DIEN:        equ REGBASE+$8d ;
                        
008f                    PORTAD:         equ REGBASE+$8f ;port adc = input only
0090                    ADR00H:         equ REGBASE+$90 ;adc result 0 register
0092                    ADR01H:         equ REGBASE+$92 ;adc result 1 register
0094                    ADR02H:         equ REGBASE+$94 ;adc result 2 register
0096                    ADR03H:         equ REGBASE+$96 ;adc result 3 register
0098                    ADR04H:         equ REGBASE+$98 ;adc result 4 register
009a                    ADR05H:         equ REGBASE+$9a ;adc result 5 register
009c                    ADR06H:         equ REGBASE+$9c ;adc result 6 register
009e                    ADR07H:         equ REGBASE+$9e ;adc result 7 register
                        
00a0                    PWME:                equ REGBASE+$a0 ;pwm enable
00a1                    PWMPOL:         equ REGBASE+$a1 ;pwm polarity
00a2                    PWMCLK:         equ REGBASE+$a2 ;pwm clock select register
00a3                    PWMPRCLK:       equ REGBASE+$a3 ;pwm prescale clock select register
00a4                    PWMCAE:         equ REGBASE+$a4 ;pwm center align select register
00a5                    PWMCTL:         equ REGBASE+$a5 ;pwm control register
00a6                    PWMTST:         equ REGBASE+$a6 ;reserved
00a7                    PWMPRSC:        equ REGBASE+$a7 ;reserved
00a8                    PWMSCLA:        equ REGBASE+$a8 ;pwm scale a
00a9                    PWMSCLB:        equ REGBASE+$a9 ;pwm scale b
00aa                    PWMSCNTA:       equ REGBASE+$aa ;reserved
00ab                    PWMSCNTB:       equ REGBASE+$ab ;reserved
00ac                    PWMCNT0:        equ REGBASE+$ac ;pwm channel 0 counter
00ad                    PWMCNT1:        equ REGBASE+$ad ;pwm channel 1 counter
00ae                    PWMCNT2:        equ REGBASE+$ae ;pwm channel 2 counter
00af                    PWMCNT3:        equ REGBASE+$af ;pwm channel 3 counter
00b0                    PWMCNT4:        equ REGBASE+$b0 ;pwm channel 4 counter
00b1                    PWMCNT5:        equ REGBASE+$b1 ;pwm channel 5 counter
00b2                    PWMCNT6:        equ REGBASE+$b2 ;pwm channel 6 counter
00b3                    PWMCNT7:        equ REGBASE+$b3 ;pwm channel 7 counter
00b4                    PWMPER0:        equ REGBASE+$b4 ;pwm channel 0 period
00b5                    PWMPER1:        equ REGBASE+$b5 ;pwm channel 1 period
00b6                    PWMPER2:        equ REGBASE+$b6 ;pwm channel 2 period
00b7                    PWMPER3:        equ REGBASE+$b7 ;pwm channel 3 period
00b8                    PWMPER4:        equ REGBASE+$b8 ;pwm channel 4 period
00b9                    PWMPER5:        equ REGBASE+$b9 ;pwm channel 5 period
00ba                    PWMPER6:        equ REGBASE+$ba ;pwm channel 6 period
00bb                    PWMPER7:        equ REGBASE+$bb ;pwm channel 7 period
00bc                    PWMDTY0:        equ REGBASE+$bc ;pwm channel 0 duty cycle
00bd                    PWMDTY1:        equ REGBASE+$bd ;pwm channel 1 duty cycle
00be                    PWMDTY2:        equ REGBASE+$be ;pwm channel 2 duty cycle
00bf                    PWMDTY3:        equ REGBASE+$bf ;pwm channel 3 duty cycle
00c0                    PWMDTY4:        equ REGBASE+$c0 ;pwm channel 4 duty cycle
00c1                    PWMDTY5:        equ REGBASE+$c1 ;pwm channel 5 duty cycle
00c2                    PWMDTY6:        equ REGBASE+$c2 ;pwm channel 6 duty cycle
00c3                    PWMDTY7:        equ REGBASE+$c3 ;pwm channel 7 duty cycle
00c4                    PWMSDN:         equ REGBASE+$c4 ;pwm shutdown register
                        
00c8                    SC0BDH:         equ REGBASE+$c8 ;sci 0 baud reg hi byte
00c9                    SC0BDL:         equ REGBASE+$c9 ;sci 0 baud reg lo byte
00ca                    SC0CR1:         equ REGBASE+$ca ;sci 0 control1 reg
00cb                    SC0CR2:         equ REGBASE+$cb ;sci 0 control2 reg
00cc                    SC0SR1:         equ REGBASE+$cc ;sci 0 status reg 1
00cd                    SC0SR2:         equ REGBASE+$cd ;sci 0 status reg 2
00ce                    SC0DRH:         equ REGBASE+$ce ;sci 0 data reg hi
00cf                    SC0DRL:         equ REGBASE+$cf ;sci 0 data reg lo
                        
00d0                    SC1BDH:         equ REGBASE+$d0 ;sci 1 baud reg hi byte
00d1                    SC1BDL:         equ REGBASE+$d1 ;sci 1 baud reg lo byte
00d2                    SC1CR1:         equ REGBASE+$d2 ;sci 1 control1 reg
00d3                    SC1CR2:         equ REGBASE+$d3 ;sci 1 control2 reg
00d4                    SC1SR1:         equ REGBASE+$d4 ;sci 1 status reg 1
00d5                    SC1SR2:         equ REGBASE+$d5 ;sci 1 status reg 2
00d6                    SC1DRH:         equ REGBASE+$d6 ;sci 1 data reg hi
00d7                    SC1DRL:         equ REGBASE+$d7 ;sci 1 data reg lo
                        
00d8                    SPI0CR1:        equ REGBASE+$d8 ;spi 0 control1 reg
00d9                    SPI0CR2:        equ REGBASE+$d9 ;spi 0 control2 reg
00da                    SPI0BR:         equ REGBASE+$da ;spi 0 baud reg
00db                    SPI0SR:         equ REGBASE+$db ;spi 0 status reg hi
00dd                    SP0DR:          equ REGBASE+$dd ;spi 0 data reg  FOR COMPATIBILITY
00dd                    SPI0DR:          equ REGBASE+$dd ;spi 0 data reg
                        
00e0                    IBAD:                equ REGBASE+$e0 ;i2c bus address register
00e1                    IBFD:                equ REGBASE+$e1 ;i2c bus frequency divider
00e2                    IBCR:                equ REGBASE+$e2 ;i2c bus control register
00e3                    IBSR:                equ REGBASE+$e3 ;i2c bus status register
00e4                    IBDR:                equ REGBASE+$e4 ;i2c bus message data register
                        
00e8                    DLCBCR1:        equ REGBASE+$e8 ;bdlc control regsiter 1
00e9                    DLCBSVR:        equ REGBASE+$e9 ;bdlc state vector register
00ea                    DLCBCR2:        equ REGBASE+$ea ;bdlc control register 2
00eb                    DLCBDR:                equ REGBASE+$eb ;bdlc data register
00ec                    DLCBARD:        equ REGBASE+$ec ;bdlc analog delay register
00ed                    DLCBRSR:        equ REGBASE+$ed ;bdlc rate select register
00ee                    DLCSCR:                equ REGBASE+$ee ;bdlc control register
00ef                    DLCBSTAT:        equ REGBASE+$ef ;bdlc status register
                        
00f0                    SPI1CR1:        equ REGBASE+$f0 ;spi 1 control1 reg
00f1                    SPI1CR2:        equ REGBASE+$f1 ;spi 1 control2 reg
00f2                    SPI1BR:         equ REGBASE+$f2 ;spi 1 baud reg
00f3                    SPI1SR:         equ REGBASE+$f3 ;spi 1 status reg hi
00f5                    SPI1DR:          equ REGBASE+$f5 ;spi 1 data reg
00f5                    SP1DR:          equ REGBASE+$f5 ;spi 1 data reg   FOR COMPATIBILITY
                        
00f8                    SPI2CR1:        equ REGBASE+$f8 ;spi 2 control1 reg
00f9                    SPI2CR2:        equ REGBASE+$f9 ;spi 2 control2 reg
00fa                    SPI2BR:         equ REGBASE+$fa ;spi 2 baud reg
00fb                    SPI2SR:         equ REGBASE+$fb ;spi 2 status reg hi
00fd                    SPI2DR:         equ REGBASE+$fd ;spi 2 data reg
00fd                    SP2DR:          equ REGBASE+$fd ;spi 2 data reg   FOR COMPATIBILITY
                        
0100                    FCLKDIV:        equ REGBASE+$100 ;flash clock divider
0101                    FSEC:                equ REGBASE+$101 ;flash security register
                        
0103                    FCNFG:                equ REGBASE+$103 ;flash configuration register
0104                    FPROT:                equ REGBASE+$104 ;flash protection register
0105                    FSTAT:                equ REGBASE+$105 ;flash status register
0106                    FCMD:                equ REGBASE+$106 ;flash command register
                        
0110                    ECLKDIV:        equ REGBASE+$110 ;eeprom clock divider
                        
0113                    ECNFG:                equ REGBASE+$113 ;eeprom configuration register
0114                    EPROT:                equ REGBASE+$114 ;eeprom protection register
0115                    ESTAT:                equ REGBASE+$115 ;eeprom status register
0116                    ECMD:                equ REGBASE+$116 ;eeprom command register
                        
0120                    ATD1CTL0:       equ REGBASE+$120 ;adc1 control 0 (reserved)
0121                    ATD1CTL1:       equ REGBASE+$121 ;adc1 control 1 (reserved)
0122                    ATD1CTL2:       equ REGBASE+$122 ;adc1 control 2
0123                    ATD1CTL3:       equ REGBASE+$123 ;adc1 control 3
0124                    ATD1CTL4:       equ REGBASE+$124 ;adc1 control 4
0125                    ATD1CTL5:       equ REGBASE+$125 ;adc1 control 5
0126                    ATD1STAT0:      equ REGBASE+$126 ;adc1 status register hi
012b                    ATD1STAT1:      equ REGBASE+$12b ;adc1 status register lo
0128                    ATD1TEST:       equ REGBASE+$128 ;adc1 test (reserved)
                        *atd1test       equ REGBASE+$129 ;
                        
012d                    ATDDIEN:        equ REGBASE+$12d ;adc1 input enable register
                        
012f                    PORTAD1:        equ REGBASE+$12f ;port adc1 = input only
0130                    ADR10H:         equ REGBASE+$130 ;adc1 result 0 register
0132                    ADR11H:         equ REGBASE+$132 ;adc1 result 1 register
0134                    ADR12H:         equ REGBASE+$134 ;adc1 result 2 register
0136                    ADR13H:         equ REGBASE+$136 ;adc1 result 3 register
0138                    ADR14H:         equ REGBASE+$138 ;adc1 result 4 register
013a                    ADR15H:         equ REGBASE+$13a ;adc1 result 5 register
013c                    ADR16H:         equ REGBASE+$13c ;adc1 result 6 register
013e                    ADR17H:         equ REGBASE+$13e ;adc1 result 7 register
                        
0140                    CAN0CTL0:        equ REGBASE+$140 ;can0 control register 0
0141                    CAN0CTL1:        equ REGBASE+$141 ;can0 control register 1
0142                    CAN0BTR0:        equ REGBASE+$142 ;can0 bus timing register 0
0143                    CAN0BTR1:        equ REGBASE+$143 ;can0 bus timing register 1
0144                    CAN0RFLG:        equ REGBASE+$144 ;can0 receiver flags
0145                    CAN0RIER:        equ REGBASE+$145 ;can0 receiver interrupt enables
0146                    CAN0TFLG:        equ REGBASE+$146 ;can0 transmit flags
0147                    CAN0TIER:        equ REGBASE+$147 ;can0 transmit interrupt enables
0148                    CAN0TARQ:        equ REGBASE+$148 ;can0 transmit message abort control
0149                    CAN0TAAK:        equ REGBASE+$149 ;can0 transmit message abort status
014a                    CAN0TBEL:        equ REGBASE+$14a ;can0 transmit buffer select
014b                    CAN0IDAC:        equ REGBASE+$14b ;can0 identfier acceptance control
                        
014e                    CAN0RERR:        equ REGBASE+$14e ;can0 receive error counter
014f                    CAN0TERR:        equ REGBASE+$14f ;can0 transmit error counter
0150                    CAN0IDA0:        equ REGBASE+$150 ;can0 identifier acceptance register 0
0151                    CAN0IDA1:        equ REGBASE+$151 ;can0 identifier acceptance register 1
0152                    CAN0IDA2:        equ REGBASE+$152 ;can0 identifier acceptance register 2
0153                    CAN0IDA3:        equ REGBASE+$153 ;can0 identifier acceptance register 3
0154                    CAN0IDM0:        equ REGBASE+$154 ;can0 identifier mask register 0
0155                    CAN0IDM1:        equ REGBASE+$155 ;can0 identifier mask register 1
0156                    CAN0IDM2:        equ REGBASE+$156 ;can0 identifier mask register 2
0157                    CAN0IDM3:        equ REGBASE+$157 ;can0 identifier mask register 3
0158                    CAN0IDA4:        equ REGBASE+$158 ;can0 identifier acceptance register 4
0159                    CAN0IDA5:        equ REGBASE+$159 ;can0 identifier acceptance register 5
015a                    CAN0IDA6:        equ REGBASE+$15a ;can0 identifier acceptance register 6
015b                    CAN0IDA7:        equ REGBASE+$15b ;can0 identifier acceptance register 7
015c                    CAN0IDM4:        equ REGBASE+$15c ;can0 identifier mask register 4
015d                    CAN0IDM5:        equ REGBASE+$15d ;can0 identifier mask register 5
015e                    CAN0IDM6:        equ REGBASE+$15e ;can0 identifier mask register 6
015f                    CAN0IDM7:        equ REGBASE+$15f ;can0 identifier mask register 7
0160                    CAN0RXFG:        equ REGBASE+$160 ;can0 rx foreground buffer thru +$16f
0170                    CAN0TXFG:        equ REGBASE+$170 ;can0 tx foreground buffer thru +$17f
                        
0180                    CAN1CTL0:        equ REGBASE+$180 ;can1 control register 0
0181                    CAN1CTL1:        equ REGBASE+$181 ;can1 control register 1
0182                    CAN1BTR0:        equ REGBASE+$182 ;can1 bus timing register 0
0183                    CAN1BTR1:        equ REGBASE+$183 ;can1 bus timing register 1
0184                    CAN1RFLG:        equ REGBASE+$184 ;can1 receiver flags
0185                    CAN1RIER:        equ REGBASE+$185 ;can1 receiver interrupt enables
0186                    CAN1TFLG:        equ REGBASE+$186 ;can1 transmit flags
0187                    CAN1TIER:        equ REGBASE+$187 ;can1 transmit interrupt enables
0188                    CAN1TARQ:        equ REGBASE+$188 ;can1 transmit message abort control
0189                    CAN1TAAK:        equ REGBASE+$189 ;can1 transmit message abort status
018a                    CAN1TBEL:        equ REGBASE+$18a ;can1 transmit buffer select
018b                    CAN1IDAC:        equ REGBASE+$18b ;can1 identfier acceptance control
                        
018e                    CAN1RERR:        equ REGBASE+$18e ;can1 receive error counter
018f                    CAN1TERR:        equ REGBASE+$18f ;can1 transmit error counter
0190                    CAN1IDA0:        equ REGBASE+$190 ;can1 identifier acceptance register 0
0191                    CAN1IDA1:        equ REGBASE+$191 ;can1 identifier acceptance register 1
0192                    CAN1IDA2:        equ REGBASE+$192 ;can1 identifier acceptance register 2
0193                    CAN1IDA3:        equ REGBASE+$193 ;can1 identifier acceptance register 3
0194                    CAN1IDM0:        equ REGBASE+$194 ;can1 identifier mask register 0
0195                    CAN1IDM1:        equ REGBASE+$195 ;can1 identifier mask register 1
0196                    CAN1IDM2:        equ REGBASE+$196 ;can1 identifier mask register 2
0197                    CAN1IDM3:        equ REGBASE+$197 ;can1 identifier mask register 3
0198                    CAN1IDA4:        equ REGBASE+$198 ;can1 identifier acceptance register 4
0199                    CAN1IDA5:        equ REGBASE+$199 ;can1 identifier acceptance register 5
019a                    CAN1IDA6:        equ REGBASE+$19a ;can1 identifier acceptance register 6
019b                    CAN1IDA7:        equ REGBASE+$19b ;can1 identifier acceptance register 7
019c                    CAN1IDM4:        equ REGBASE+$19c ;can1 identifier mask register 4
019d                    CAN1IDM5:        equ REGBASE+$19d ;can1 identifier mask register 5
019e                    CAN1IDM6:        equ REGBASE+$19e ;can1 identifier mask register 6
019f                    CAN1IDM7:        equ REGBASE+$19f ;can1 identifier mask register 7
01a0                    CAN1RXFG:        equ REGBASE+$1a0 ;can1 rx foreground buffer thru +$1af
01b0                    CAN1TXFG:        equ REGBASE+$1b0 ;can1 tx foreground buffer thru +$1bf
                        
01c0                    CAN2CTL0:        equ REGBASE+$1c0 ;can2 control register 0
01c1                    CAN2CTL1:        equ REGBASE+$1c1 ;can2 control register 1
01c2                    CAN2BTR0:        equ REGBASE+$1c2 ;can2 bus timing register 0
01c3                    CAN2BTR1:        equ REGBASE+$1c3 ;can2 bus timing register 1
01c4                    CAN2RFLG:        equ REGBASE+$1c4 ;can2 receiver flags
01c5                    CAN2RIER:        equ REGBASE+$1c5 ;can2 receiver interrupt enables
01c6                    CAN2TFLG:        equ REGBASE+$1c6 ;can2 transmit flags
01c7                    CAN2TIER:        equ REGBASE+$1c7 ;can2 transmit interrupt enables
01c8                    CAN2TARQ:        equ REGBASE+$1c8 ;can2 transmit message abort control
01c9                    CAN2TAAK:        equ REGBASE+$1c9 ;can2 transmit message abort status
01ca                    CAN2TBEL:        equ REGBASE+$1ca ;can2 transmit buffer select
01cb                    CAN2IDAC:        equ REGBASE+$1cb ;can2 identfier acceptance control
                        
01ce                    CAN2RERR:        equ REGBASE+$1ce ;can2 receive error counter
01cf                    CAN2TERR:        equ REGBASE+$1cf ;can2 transmit error counter
01d0                    CAN2IDA0:        equ REGBASE+$1d0 ;can2 identifier acceptance register 0
01d1                    CAN2IDA1:        equ REGBASE+$1d1 ;can2 identifier acceptance register 1
01d2                    CAN2IDA2:        equ REGBASE+$1d2 ;can2 identifier acceptance register 2
01d3                    CAN2IDA3:        equ REGBASE+$1d3 ;can2 identifier acceptance register 3
01d4                    CAN2IDM0:        equ REGBASE+$1d4 ;can2 identifier mask register 0
01d5                    CAN2IDM1:        equ REGBASE+$1d5 ;can2 identifier mask register 1
01d6                    CAN2IDM2:        equ REGBASE+$1d6 ;can2 identifier mask register 2
01d7                    CAN2IDM3:        equ REGBASE+$1d7 ;can2 identifier mask register 3
01d8                    CAN2IDA4:        equ REGBASE+$1d8 ;can2 identifier acceptance register 4
01d9                    CAN2IDA5:        equ REGBASE+$1d9 ;can2 identifier acceptance register 5
01da                    CAN2IDA6:        equ REGBASE+$1da ;can2 identifier acceptance register 6
01db                    CAN2IDA7:        equ REGBASE+$1db ;can2 identifier acceptance register 7
01dc                    CAN2IDM4:        equ REGBASE+$1dc ;can2 identifier mask register 4
01dd                    CAN2IDM5:        equ REGBASE+$1dd ;can2 identifier mask register 5
01de                    CAN2IDM6:        equ REGBASE+$1de ;can2 identifier mask register 6
01df                    CAN2IDM7:        equ REGBASE+$1df ;can2 identifier mask register 7
01e0                    CAN2RXFG:        equ REGBASE+$1e0 ;can2 rx foreground buffer thru +$1ef
01f0                    CAN2TXFG:        equ REGBASE+$1f0 ;can2 tx foreground buffer thru +$1ff
                        
0200                    CAN3CTL0:        equ REGBASE+$200 ;can3 control register 0
0201                    CAN3CTL1:        equ REGBASE+$201 ;can3 control register 1
0202                    CAN3BTR0:        equ REGBASE+$202 ;can3 bus timing register 0
0203                    CAN3BTR1:        equ REGBASE+$203 ;can3 bus timing register 1
0204                    CAN3RFLG:        equ REGBASE+$204 ;can3 receiver flags
0205                    CAN3RIER:        equ REGBASE+$205 ;can3 receiver interrupt enables
0206                    CAN3TFLG:        equ REGBASE+$206 ;can3 transmit flags
0207                    CAN3TIER:        equ REGBASE+$207 ;can3 transmit interrupt enables
0208                    CAN3TARQ:        equ REGBASE+$208 ;can3 transmit message abort control
0209                    CAN3TAAK:        equ REGBASE+$209 ;can3 transmit message abort status
020a                    CAN3TBEL:        equ REGBASE+$20a ;can3 transmit buffer select
020b                    CAN3IDAC:        equ REGBASE+$20b ;can3 identfier acceptance control
                        
020e                    CAN3RERR:        equ REGBASE+$20e ;can3 receive error counter
020f                    CAN3TERR:        equ REGBASE+$20f ;can3 transmit error counter
0210                    CAN3IDA0:        equ REGBASE+$210 ;can3 identifier acceptance register 0
0211                    CAN3IDA1:        equ REGBASE+$211 ;can3 identifier acceptance register 1
0212                    CAN3IDA2:        equ REGBASE+$212 ;can3 identifier acceptance register 2
0213                    CAN3IDA3:        equ REGBASE+$213 ;can3 identifier acceptance register 3
0214                    CAN3IDM0:        equ REGBASE+$214 ;can3 identifier mask register 0
0215                    CAN3IDM1:        equ REGBASE+$215 ;can3 identifier mask register 1
0216                    CAN3IDM2:        equ REGBASE+$216 ;can3 identifier mask register 2
0217                    CAN3IDM3:        equ REGBASE+$217 ;can3 identifier mask register 3
0218                    CAN3IDA4:        equ REGBASE+$218 ;can3 identifier acceptance register 4
0219                    CAN3IDA5:        equ REGBASE+$219 ;can3 identifier acceptance register 5
021a                    CAN3IDA6:        equ REGBASE+$21a ;can3 identifier acceptance register 6
021b                    CAN3IDA7:        equ REGBASE+$21b ;can3 identifier acceptance register 7
021c                    CAN3IDM4:        equ REGBASE+$21c ;can3 identifier mask register 4
021d                    CAN3IDM5:        equ REGBASE+$21d ;can3 identifier mask register 5
021e                    CAN3IDM6:        equ REGBASE+$21e ;can3 identifier mask register 6
021f                    CAN3IDM7:        equ REGBASE+$21f ;can3 identifier mask register 7
0220                    CAN3RXFG:        equ REGBASE+$220 ;can3 rx foreground buffer thru +$22f
0230                    CAN3TXFG:        equ REGBASE+$230 ;can3 tx foreground buffer thru +$23f
                        
0240                    PTT:                equ REGBASE+$240 ;portt data register
0241                    PTIT:                equ REGBASE+$241 ;portt input register
0242                    DDRT:                equ REGBASE+$242 ;portt direction register
0243                    RDRT:                equ REGBASE+$243 ;portt reduced drive register
0244                    PERT:                equ REGBASE+$244 ;portt pull device enable
0245                    PPST:                equ REGBASE+$245 ;portt pull polarity select
                        
0248                    PTS:                equ REGBASE+$248 ;ports data register
0249                    PTIS:                equ REGBASE+$249 ;ports input register
024a                    DDRS:                equ REGBASE+$24a ;ports direction register
024b                    RDRS:                equ REGBASE+$24b ;ports reduced drive register
024c                    PERS:                equ REGBASE+$24c ;ports pull device enable
024d                    PPSS:                equ REGBASE+$24d ;ports pull polarity select
024e                    WOMS:                equ REGBASE+$24e ;ports wired or mode register
                        
0250                    PTM:                equ REGBASE+$250 ;portm data register
0251                    PTIM:                equ REGBASE+$251 ;portm input register
0252                    DDRM:                equ REGBASE+$252 ;portm direction register
0253                    RDRM:                equ REGBASE+$253 ;portm reduced drive register
0254                    PERM:                equ REGBASE+$254 ;portm pull device enable
0255                    PPSM:                equ REGBASE+$255 ;portm pull polarity select
0256                    WOMM:                equ REGBASE+$256 ;portm wired or mode register
0257                    MODRR:                equ REGBASE+$257 ;portm module routing register
                        
0258                    PTP:                equ REGBASE+$258 ;portp data register
0259                    PTIP:                equ REGBASE+$259 ;portp input register
025a                    DDRP:                equ REGBASE+$25a ;portp direction register
025b                    RDRP:                equ REGBASE+$25b ;portp reduced drive register
025c                    PERP:                equ REGBASE+$25c ;portp pull device enable
025d                    PPSP:                equ REGBASE+$25d ;portp pull polarity select
025e                    PIEP:                equ REGBASE+$25e ;portp interrupt enable register
025f                    PIFP:                equ REGBASE+$25f ;portp interrupt flag register
                        
0260                    PTH:                equ REGBASE+$260 ;porth data register
0261                    PTIH:                equ REGBASE+$261 ;porth input register
0262                    DDRH:                equ REGBASE+$262 ;porth direction register
0263                    RDRH:                equ REGBASE+$263 ;porth reduced drive register
0264                    PERH:                equ REGBASE+$264 ;porth pull device enable
0265                    PPSH:                equ REGBASE+$265 ;porth pull polarity select
0266                    PIEH:                equ REGBASE+$266 ;porth interrupt enable register
0267                    PIFH:                equ REGBASE+$267 ;porth interrupt flag register
                        
0268                    PTJ:                equ REGBASE+$268 ;portj data register
0269                    PTIJ:                equ REGBASE+$269 ;portj input register
026a                    DDRJ:                equ REGBASE+$26a ;portj direction register
026b                    RDRJ:                equ REGBASE+$26b ;portj reduced drive register
026c                    PERJ:                equ REGBASE+$26c ;portj pull device enable
026d                    PPSJ:                equ REGBASE+$26d ;portj pull polarity select
026e                    PIEJ:                equ REGBASE+$26e ;portj interrupt enable register
026f                    PIFJ:                equ REGBASE+$26f ;portj interrupt flag register
                        
0280                    CAN4CTL0:        equ REGBASE+$280 ;can4 control register 0
0281                    CAN4CTL1:        equ REGBASE+$281 ;can4 control register 1
0282                    CAN4BTR0:        equ REGBASE+$282 ;can4 bus timing register 0
0283                    CAN4BTR1:        equ REGBASE+$283 ;can4 bus timing register 1
0284                    CAN4RFLG:        equ REGBASE+$284 ;can4 receiver flags
0285                    CAN4RIER:        equ REGBASE+$285 ;can4 receiver interrupt enables
0286                    CAN4TFLG:        equ REGBASE+$286 ;can4 transmit flags
0287                    CAN4TIER:        equ REGBASE+$287 ;can4 transmit interrupt enables
0288                    CAN4TARQ:        equ REGBASE+$288 ;can4 transmit message abort control
0289                    CAN4TAAK:        equ REGBASE+$289 ;can4 transmit message abort status
028a                    CAN4TBEL:        equ REGBASE+$28a ;can4 transmit buffer select
028b                    CAN4IDAC:        equ REGBASE+$28b ;can4 identfier acceptance control
                        
028e                    CAN4RERR:        equ REGBASE+$28e ;can4 receive error counter
028f                    CAN4TERR:        equ REGBASE+$28f ;can4 transmit error counter
0290                    CAN4IDA0:        equ REGBASE+$290 ;can4 identifier acceptance register 0
0291                    CAN4IDA1:        equ REGBASE+$291 ;can4 identifier acceptance register 1
0292                    CAN4IDA2:        equ REGBASE+$292 ;can4 identifier acceptance register 2
0293                    CAN4IDA3:        equ REGBASE+$293 ;can4 identifier acceptance register 3
0294                    CAN4IDM0:        equ REGBASE+$294 ;can4 identifier mask register 0
0295                    CAN4IDM1:        equ REGBASE+$295 ;can4 identifier mask register 1
0296                    CAN4IDM2:        equ REGBASE+$296 ;can4 identifier mask register 2
0297                    CAN4IDM3:        equ REGBASE+$297 ;can4 identifier mask register 3
0298                    CAN4IDA4:        equ REGBASE+$298 ;can4 identifier acceptance register 4
0299                    CAN4IDA5:        equ REGBASE+$299 ;can4 identifier acceptance register 5
029a                    CAN4IDA6:        equ REGBASE+$29a ;can4 identifier acceptance register 6
029b                    CAN4IDA7:        equ REGBASE+$29b ;can4 identifier acceptance register 7
029c                    CAN4IDM4:        equ REGBASE+$29c ;can4 identifier mask register 4
029d                    CAN4IDM5:        equ REGBASE+$29d ;can4 identifier mask register 5
029e                    CAN4IDM6:        equ REGBASE+$29e ;can4 identifier mask register 6
029f                    CAN4IDM7:        equ REGBASE+$29f ;can4 identifier mask register 7
02a0                    CAN4RXFG:        equ REGBASE+$2a0 ;can4 rx foreground buffer thru +$2af
02b0                    CAN4TXFG:        equ REGBASE+$2b0 ;can4 tx foreground buffer thru +$2bf
                        
                        * end registers
                        #endinclude

                        
                        ;******************************************************************************
                        ;                 RELOCALIZACION DE VECTOR DE INTERRUPCION
                        ;******************************************************************************
3e4a                                                    Org $3E4A
3e4a 29 6f                                              dw Maquina_Tiempos
                        ;******************************************************************************
                        ;                  DECLARACION DE LAS ESTRUCTURAS DE DATOS
                        ;******************************************************************************
                        
0014                    tSupRebTCL        EQU 20
                        
0002                    tTimerDigito      EQU 2
0064                    MaxCountTicks     EQU 100
0001                    DIG1              EQU $01
0002                    DIG2              EQU $02
0004                    DIG3              EQU $04
0008                    DIG4              EQU $08
                        
0002                    tTimer2mS         EQU 2
000d                    tTimer260uS:      EQU 13
0002                    tTimer40uS:       EQU 2
00ff                    EOB               EQU $FF
0001                    Clear_LCD         EQU $01
0080                    ADD_L1            EQU $80
00c0                    ADD_L2            EQU $C0
                        
0261                    PortPB            EQU PTIH
0008                    MaskPB1           EQU $08
0001                    MaskPB2           EQU $01
000a                    tSupRebPB1        EQU 10
0019                    tShortP1          EQU 25
0003                    tLongP1           EQU 3
000a                    tSupRebPB2        EQU 10
0019                    tShortP2          EQU 25
0003                    tLongP2           EQU 3
                        
0002                    LDConfig          EQU $02
0003                    MinNumVueltas     EQU 3
0014                    MaxNumVueltas     EQU 20
                        
0001                    LDEspera          EQU $01
                        
0004                    LDCorrer          EQU $04
0064                    tTimerCal         EQU 100
0002                    tTimerError       EQU 2
0032                    DeltaS            EQU 50
0096                    DeltaM            EQU 150
00fa                    DeltaP            EQU 250
0008                    PortRele          EQU PORTE
0004                    Rele              EQU $04
0023                    VMin              EQU 35
005a                    VMax              EQU 90
                        
0008                    LDResumen         EQU $08
                        
0004                    tTimerBrillo      EQU 4
0080                    MaskSCF           EQU $80
                        
                        
0001                    ShortP1           EQU $01
0002                    LongP1            EQU $02
0004                    ShortP2           EQU $04
0008                    LongP2            EQU $08
0010                    ArrayOK           EQU $10
                        
0001                    RS                EQU $01
0002                    LCD_OK            EQU $02
0004                    FinSendLCD        EQU $04
0008                    Second_Line       EQU $08
                        
0005                    tTimerLDTst       EQU 5
001e                    Recarga_TC        EQU 30
                        
00aa                    InicioLD          EQU $AA
0055                    TemporalLD        EQU $55
                        
1000                                                    Org $1000
                        
1000                    MAX_TCL           ds 1
1001                    Tecla             ds 1
1002                    Tecla_In          ds 1
1003                    Cont_TCL          ds 1
1004                    Patron            ds 1
1005                    Funcion           ds 1
1006                    Est_Pres_TCL      ds 2
                        
1010                                                    Org $1010
1010                    Num_Array         ds 1
                        
1020                                                    Org $1020
1020                    EstPres_PantallaMUX ds 2
1022                    Dsp1              ds 1
1023                    Dsp2              ds 1
1024                    Dsp3              ds 1
1025                    Dsp4              ds 1
1026                    LEDS              ds 1
1027                    Cont_Dig          ds 1
1028                    Brillo            ds 1
                        
1029                    BCD               ds 1
102a                    Cont_BCD          ds 1
102b                    BCD1              ds 1
102c                    BCD2              ds 1
                        
102d 28 06 0c ff        IniDsp            dB $28,$06,$0C,$FF
1031                    Punt_LCD          ds 2
1033                    CharLCD           ds 1
1034                    Msg_L1            ds 2
1036                    Msg_L2            ds 2
1038                    EstPres_SendLCD   ds 2
103a                    EstPres_TareaLCD  ds 2
                        
103c                    Est_Pres_LeerPB1  ds 2
103e                    Est_Pres_LeerPB2  ds 2
                        
1040                    Est_Pres_TConfig  ds 2
1042                    ValorNumVueltas   ds 1
1043                    NumVueltas        ds 1
                        
1044                    Est_Pres_TCorrer  ds 2
1046                    DeltaT            ds 1
1047                    Velocidad         ds 1
1048                    AcumVelocidad     ds 2
104a                    Vueltas           ds 1
                        
104b                    Est_Pres_TBrillo  ds 2
                        
104d                    Est_Pres_TLedTestigo ds 2
                        
1070                                                    Org $1070
1070                    Banderas_1        ds 1
1071                    Banderas_2        ds 1
                        
1100                                                    Org $1100
1100 3f                 Segment           dB $3F        ;'0' en 7 segmentos
1101 06                                   dB $06        ;'1' en 7 segmentos
1102 5b                                   dB $5B        ;'2' en 7 segmentos
1103 4f                                   dB $4F        ;'3' en 7 segmentos
1104 66                                   dB $66        ;'4' en 7 segmentos
1105 6d                                   dB $6D        ;'5' en 7 segmentos
1106 7d                                   dB $7D        ;'6' en 7 segmentos
1107 07                                   dB $07        ;'7' en 7 segmentos
1108 7f                                   dB $7F        ;'8' en 7 segmentos
1109 6f                                   dB $6F        ;'9' en 7 segmentos
110a 40                                   dB $40        ;'-' en 7 segmentos
110b 00                                   dB $00        ;' ' en 7 segmentos
                        
                        
1110                                                    Org $1110
1110 01                 Teclas            dB $01
1111 02                                   dB $02
1112 03                                   dB $03
1113 04                                   dB $04
1114 05                                   dB $05
1115 06                                   dB $06
1116 07                                   dB $07
1117 08                                   dB $08
1118 09                                   dB $09
1119 0b                                   dB $0B ; Borrar
111a 00                                   dB $00
111b 0e                                   dB $0E ; Enter
                        
1200                                                      Org $1200
1200 2a 56 45 4c 4f 44  Msg_Espera1:             FCC "*VELODROMO  623*"
     52 4f 4d 4f 20 20
     36 32 33 2a
1210 ff                                   dB EOB
1211 2a 2a 4d 4f 44 4f  Msg_Espera2:             FCC "**MODO  ESPERA**"
     20 20 45 53 50 45
     52 41 2a 2a
1221 ff                                   dB EOB
1222 4d 4f 44 4f 20 20  Msg_Configurar1:         FCC "MODO  CONFIGURAR"
     43 4f 4e 46 49 47
     55 52 41 52
1232 ff                                   dB EOB
1233 2a 20 20 4e 55 4d  Msg_Configurar2:         FCC "*  NUM VUELTAS *"
     20 56 55 45 4c 54
     41 53 20 2a
1243 ff                                   dB EOB
1244 2a 2a 4d 4f 44 4f  Msg_Correr1:             FCC "**MODO  CORRER**"
     20 20 43 4f 52 52
     45 52 2a 2a
1254 ff                                   dB EOB
1255 45 53 50 45 52 41  Msg_Correr2:             FCC "ESPERANDO INICIO"
     4e 44 4f 20 49 4e
     49 43 49 4f
1265 ff                                   dB EOB
1266 45 53 50 45 52 41  Msg_Correr3:             FCC "ESPERANDO S1... "
     4e 44 4f 20 53 31
     2e 2e 2e 20
1276 ff                                   dB EOB
1277 45 53 50 45 52 41  Msg_Correr4:             FCC "ESPERANDO S2... "
     4e 44 4f 20 53 32
     2e 2e 2e 20
1287 ff                                   dB EOB
1288 54 49 6e 69 50 20  Msg_Correr5:             FCC "TIniP      TFinP"
     20 20 20 20 20 54
     46 69 6e 50
1298 ff                                   dB EOB
1299 56 45 4c 4f 43 2e  Msg_Correr6:             FCC "VELOC.   VUELTAS"
     20 20 20 56 55 45
     4c 54 41 53
12a9 ff                                   dB EOB
12aa 2a 2a 20 20 56 45  Msg_Correr7:             FCC "**  VELOCIDAD **"
     4c 4f 43 49 44 41
     44 20 2a 2a
12ba ff                                   dB EOB
12bb 2a 46 55 45 52 41  Msg_Correr8:             FCC "*FUERA DE RANGO*"
     20 44 45 20 52 41
     4e 47 4f 2a
12cb ff                                   dB EOB
12cc 2a 2a 46 49 4e 20  Msg_Correr9:             FCC "**FIN DE CICLO**"
     44 45 20 43 49 43
     4c 4f 2a 2a
12dc ff                                   dB EOB
12dd 20 20 4d 4f 44 4f  Msg_Resumen1:            FCC "  MODO RESUMEN  "
     20 52 45 53 55 4d
     45 4e 20 20
12ed ff                                   dB EOB
12ee 20 56 55 45 4c 54  Msg_Resumen2:            FCC " VUELTAS   VELOC"
     41 53 20 20 20 56
     45 4c 4f 43
12fe ff                                   dB EOB
                        
                        ;===============================================================================
                        ;                              TABLA DE TIMERS
                        ;===============================================================================
1500                                                    Org $1500
                        
0032                    tTimer1mS:      EQU 50
01f4                    tTimer10mS:     EQU 500
1388                    tTimer100mS:    EQU 5000
c350                    tTimer1S:       EQU 50000
                        
1500                    Tabla_Timers_BaseT:
                        
1500                    Timer1mS        ds 2       ;Timer 1 ms con base a tiempo de interrupcion
1502                    Timer10mS:      ds 2       ;Timer para generar la base de tiempo 10 mS
1504                    Timer100mS:     ds 2       ;Timer para generar la base de tiempo de 100 mS
1506                    Timer1S:        ds 2       ;Timer para generar la base de tiempo de 1 Seg.
1508                    Counter_Ticks:  ds 2
150a                    Timer260uS:     ds 2
150c                    Timer40uS:      ds 2
                        
150e ff ff              Fin_BaseT       dW $FFFF
                        
1510                    Tabla_Timers_Base1mS
                        
1510                    Timer_RebPB1:   ds 1
1511                    Timer_RebPB2:   ds 1
1512                    Timer_RebTCL:   ds 1
1513                    TimerDigito:    ds 1
1514                    Timer2mS:       ds 1
                        
1515 ff                 Fin_Base1mS:    dB $FF
                        
1516                    Tabla_Timers_Base10mS
                        
1516                    Timer_SHP1:     ds 1
1517                    Timer_SHP2:     ds 1
                        
1518 ff                 Fin_Base10ms    dB $FF
                        
1519                    Tabla_Timers_Base100mS
                        
1519                    TimerCal:       ds 1
151a                    TimerIniPant:   ds 1
151b                    TimerFinPant:   ds 1
151c                    Timer_Brillo:   ds 1
151d                    Timer_LED_Testigo: ds 1   ;Timer para parpadeo de led testigo
                        
151e ff                 Fin_Base100mS   dB $FF
                        
151f                    Tabla_Timers_Base1S
                        
151f                    Timer_LP1:      ds 1
1520                    Timer_LP2:      ds 1
1521                    TimerError:     ds 1
                        
1522 ff                 Fin_Base1S      dB $FF
                        
                        ;===============================================================================
                        ;                              CONFIGURACION DE HARDWARE
                        ;===============================================================================
2000                                                  Org $2000
                        
                                ; Leds
2000 18 0b ff 00 03             Movb #$FF,DDRB
2005 1c 02 6a 02                Bset DDRJ,$02
2009 1d 02 68 02                Bclr PTJ,$02
                        
                                ; Display 7 segmentos
200d 18 0b 7f 02 5a             Movb #$7F,DDRP
2012 18 0b 0f 02 58             Movb #$0F,PTP
                        
                                ; Pantalla LCD
2017 18 0b ff 00 33             Movb #$FF,DDRK
                        
                                ; Count Down
201c 4c 66 c7                   Bset MCCTL,$C7
201f 18 03 00 1e 00 76          Movw #Recarga_TC,MCCNT
                        
                                ; Teclado
2025 18 0b f0 00 02             Movb #$F0,DDRA
202a 4c 0c 01                   Bset PUCR,$01
                        
                                ; Rele
202d 4c 09 04                   Bset DDRE,Rele
2030 4d 08 04                   Bclr PortRele,Rele
                        
                                ; ATD0
2033 18 0b c0 00 82             Movb #$C0,ATD0CTL2
2038 86 a0                      Ldaa #160
                        
203a 04 30 fd           LazoATD Dbne A,LazoATD
                        
203d 18 0b 20 00 83             Movb #$20,ATD0CTL3
2042 18 0b 90 00 84             Movb #$90,ATD0CTL4
                        ;===============================================================================
                        ;                           PROGRAMA PRINCIPAL
                        ;===============================================================================
                                ; === TIMERS ===
2047 18 03 00 32 15 00          Movw #tTimer1mS,Timer1mS
204d 18 03 01 f4 15 02          Movw #tTimer10mS,Timer10mS
2053 18 03 13 88 15 04          Movw #tTimer100mS,Timer100mS
2059 18 03 c3 50 15 06          Movw #tTimer1S,Timer1S
                        
                                ; === TECLADO ===
205f 18 0b ff 10 01             Movb #$FF,Tecla
2064 18 0b ff 10 02             Movb #$FF,Tecla_In
2069 79 10 03                   Clr Cont_TCL
206c 18 0b 02 10 00             Movb #2,MAX_TCL
                        
                                ; === MODO ESPERA (VALOR POR DEFECTO) ===
2071 18 0b 01 10 26             Movb #LDEspera,Leds         ; LED de Espera encendido
2076 18 0b ef 10 05             Movb #$EF,Funcion
                        
                                ; === DISPLAYS Y PANTALLAS ===
207b 18 0b 01 10 27             Movb #$01,Cont_Dig
2080 79 15 13                   Clr TimerDigito
2083 18 0b bb 10 2b             Movb #$BB,BCD1              ; Displays apagados inicialmente
2088 18 0b bb 10 2c             Movb #$BB,BCD2
208d 16 29 2d                   Jsr BCD_7SEG
                        
                                ; === BANDERAS ===
2090 79 10 70                   Clr Banderas_1
2093 79 10 71                   Clr Banderas_2
                        
                                ; === CONFIGURACION ===
2096 18 0b 0a 10 43             Movb #10,NumVueltas         ; Valor por defecto
                        
209b 79 15 1a                   Clr TimerIniPant
209e 79 15 1b                   Clr TimerFinPant
                        
20a1 18 0b 05 15 1d             Movb #tTimerLDTst,Timer_LED_Testigo ;Inicia timer parpadeo led testigo
                        
20a6 cf 3b ff                   Lds #$3BFF
20a9 10 ef                      Cli
                        
20ab 18 03 26 0c 10 3c          Movw #LeerPB1_Est1,Est_Pres_LeerPB1
20b1 18 03 26 85 10 3e          Movw #LeerPB2_Est1,Est_Pres_LeerPB2
20b7 18 03 24 be 10 06          Movw #Teclado_Est1,Est_Pres_TCL
20bd 18 03 25 bb 10 4d          Movw #Led_Testigo_Est1,Est_Pres_TLedTestigo
20c3 18 03 28 0a 10 38          Movw #SendLCD_Est1,EstPres_SendLCD
20c9 18 03 27 97 10 3a          Movw #TareaLCD_Est1,EstPres_TareaLCD
20cf 18 03 24 6e 10 4b          Movw #Tarea_Brillo_Est1,Est_Pres_TBrillo
20d5 18 03 21 9c 10 40          Movw #Tarea_Configurar_Est1,Est_Pres_TConfig
20db 18 03 22 37 10 44          Movw #Tarea_Correr_Est1,Est_Pres_TCorrer
20e1 18 03 26 fe 10 20          Movw #PantallaMUX_Est1,EstPres_PantallaMUX
                        
                        ;===============================================================================
                        ;                      Inicializacion de la pantalla LCD
                        ;===============================================================================
                        
20e7 79 10 71                   Clr Banderas_2
20ea 18 03 10 2d 10 31          Movw #IniDsp,Punt_LCD
                        
20f0                    Cargardato
20f0 fe 10 31                   Ldx Punt_LCD
20f3 18 0d 30 10 33             Movb 1,X+,CharLCD
20f8 7e 10 31                   Stx Punt_LCD
20fb b6 10 33                   Ldaa CharLCD
20fe 81 ff                      Cmpa #EOB
2100 27 11                      Beq Clear
                        
2102                    Mandardato
2102 16 29 79                   Jsr Decre_TablaTimers
2105 16 28 04                   Jsr Tarea_SendLCD
2108 1f 10 71 04 f5             Brclr Banderas_2,FinSendLCD,Mandardato
210d 1d 10 71 04                Bclr Banderas_2,FinSendLCD
2111 20 dd                      Bra Cargardato
                        
2113 18 0b 01 10 33     Clear   Movb #Clear_LCD,CharLCD
                        
2118                    Mandarclear
2118 16 29 79                   Jsr Decre_TablaTimers
211b 16 28 04                   Jsr Tarea_SendLCD
211e 1f 10 71 04 f5             Brclr Banderas_2,FinSendLCD,Mandarclear
2123 18 0c 00 02 15 14          Movb tTimer2mS,Timer2mS
                        
2129                    Espera
2129 16 29 79                   Jsr Decre_TablaTimers
212c f7 15 14                   Tst Timer2mS
212f 26 f8                      Bne Espera
                        
                        ;===============================================================================
                        ;                           DESPACHADOR DE TAREAS
                        ;===============================================================================
                        
2131                    Despachador_Tareas
2131 1e 10 71 02 03             Brset Banderas_2,LCD_OK,Siguientes
2136 16 27 91                   Jsr TareaLCD
                        
2139                    Siguientes
2139 16 29 79                   Jsr Decre_TablaTimers
213c 16 25 b5                   Jsr Tarea_Led_Testigo
213f 16 24 b8                   Jsr Tarea_Teclado
2142 16 26 06                   Jsr Tarea_LeerPB1
2145 16 26 7f                   Jsr Tarea_LeerPB2
2148 16 24 68                   Jsr Tarea_Brillo
214b 16 26 f8                   Jsr Tarea_MUX_Pantalla
214e 16 21 5c                   Jsr Tarea_Espera
2151 16 21 84                   Jsr Tarea_Configurar
2154 16 22 1f                   Jsr Tarea_Correr
2157 16 24 08                   Jsr Tarea_Resumen
215a 20 d5                      Bra Despachador_Tareas
                        
                        ;*******************************************************************************
                        ;                           TAREA MODO ESPERA
                        ;*******************************************************************************
                        
215c                    Tarea_Espera
215c 1e 10 05 10 22             Brset Funcion,$10,Fin_Tarea_Espera
2161 18 0b 01 10 26             Movb #LDEspera,LEDS
2166 18 03 12 00 10 34          Movw #Msg_Espera1,Msg_L1
216c 18 03 12 11 10 36          Movw #Msg_Espera2,Msg_L2
2172 1d 10 71 02                Bclr Banderas_2,LCD_OK
                        
2176 18 0b bb 10 2b             Movb #$BB,BCD1
217b 18 0b bb 10 2c             Movb #$BB,BCD2
2180 16 29 2d                   Jsr BCD_7SEG
                        
2183                    Fin_Tarea_Espera
2183 3d                         Rts
                        
                        ;*******************************************************************************
                        ;                            TAREA CONFIGURAR
                        ;*******************************************************************************
                        
2184                    Tarea_Configurar
2184 1f 10 05 20 08             Brclr Funcion,$20,Configurar
2189 18 03 21 9c 10 40          Movw #Tarea_Configurar_Est1,Est_Pres_TConfig
218f 20 0a                      Bra FinTarea_Configurar
                        
2191                    Configurar
2191 18 0b 02 10 26             Movb #LDConfig,LEDS
2196 fe 10 40                   Ldx Est_Pres_TConfig
2199 15 00                      Jsr 0,X
                        
219b                    FinTarea_Configurar
219b 3d                         Rts
                        
                        ;========================== CONFIGURAR ESTADO 1 ================================
                        
219c                    Tarea_Configurar_Est1
219c 1f 10 71 02 2d             Brclr Banderas_2,LCD_OK,FinTarea_Configurar_Est1
                                ; Configurar mensajes LCD
21a1 18 03 12 22 10 34          Movw #Msg_Configurar1,Msg_L1
21a7 18 03 12 33 10 36          Movw #Msg_Configurar2,Msg_L2
21ad 1d 10 71 02                Bclr Banderas_2,LCD_OK
                        
                                ; Mostrar valor actual de vueltas
21b1 b6 10 43                   Ldaa NumVueltas
21b4 16 28 f5                   Jsr BINBCD_PantallaMUX
21b7 18 0c 10 29 10 2b          Movb BCD,BCD1
21bd 18 0b bb 10 2c             Movb #$BB,BCD2
21c2 16 29 2d                   Jsr BCD_7SEG
                        
21c5 16 29 5d                   Jsr Borrar_Num_Array
                        
21c8 18 03 21 cf 10 40          Movw #Tarea_Configurar_Est2,Est_Pres_TConfig
                        
21ce                    FinTarea_Configurar_Est1
21ce 3d                         Rts
                        
                        ;========================== CONFIGURAR ESTADO 2 ================================
                        
21cf                    Tarea_Configurar_Est2
                                ; Esperar entrada de teclado
21cf 1f 10 70 10 4a             Brclr Banderas_1,ArrayOK,FinTarea_Configurar_Est2
21d4 1d 10 70 10                Bclr Banderas_1,ArrayOK
                        
                                ; Construir valor BCD desde array
21d8 ce 10 10                   Ldx #Num_Array
21db a6 00                      Ldaa 0,X              ; Decenas
21dd 81 ff                      Cmpa #$FF
21df 27 3a                      Beq RechazarValor
21e1 48                         Lsla                  ; Mover a nibble alto
21e2 48                         Lsla
21e3 48                         Lsla
21e4 48                         Lsla
21e5 e6 01                      Ldab 1,X              ; Unidades
21e7 c1 ff                      Cmpb #$FF
21e9 27 30                      Beq RechazarValor
21eb 18 06                      Aba                   ; Combinar
                        
                                ; Convertir BCD a binario
21ed 16 28 83                   Jsr BCD_BIN
21f0 18 0c 10 29 10 42          Movb BCD,ValorNumVueltas
                        
                                ; Validar límites (3 <= valor <= 20)
21f6 b6 10 42                   Ldaa ValorNumVueltas
21f9 81 14                      Cmpa #MaxNumVueltas
21fb 22 1e                      Bhi RechazarValor
21fd 81 03                      Cmpa #MinNumVueltas
21ff 25 1a                      Blo RechazarValor
                        
                                ; Valor válido - guardar y mostrar
2201 18 0c 10 42 10 43          Movb ValorNumVueltas,NumVueltas
2207 b6 10 43                   Ldaa NumVueltas
220a 16 28 f5                   Jsr BINBCD_PantallaMUX
220d 18 0c 10 29 10 2b          Movb BCD,BCD1
2213 18 0b bb 10 2c             Movb #$BB,BCD2
2218 16 29 2d                   Jsr BCD_7SEG
                        
221b                    RechazarValor:
221b 16 29 5d                   Jsr Borrar_Num_Array
                        
221e                    FinTarea_Configurar_Est2:
221e 3d                         Rts
                        
                        ;*******************************************************************************
                        ;                           TAREA MODO CORRER
                        ;*******************************************************************************
                        
221f                    Tarea_Correr
221f 1f 10 05 40 08             Brclr Funcion,$40,Correr
2224 18 03 22 37 10 44          Movw #Tarea_Correr_Est1,Est_Pres_TCorrer
222a 20 0a                      Bra FinTarea_Correr
                        
222c                    Correr
222c 18 0b 04 10 26             Movb #LDCorrer,LEDS
2231 fe 10 44                   Ldx Est_Pres_TCorrer
2234 15 00                      Jsr 0,X
                        
2236                    FinTarea_Correr
2236 3d                         Rts
                        
                        ;=============================== CORRER ESTADO 1 ===============================
                        
2237                    Tarea_Correr_Est1
                                ;Bclr Banderas_1,LongP2
2237 1f 10 71 02 1d             Brclr Banderas_2,LCD_OK,FinTarea_CorrerEst1
                                ; Mensaje inicial
223c 18 03 12 44 10 34          Movw #Msg_Correr1,Msg_L1
2242 18 03 12 55 10 36          Movw #Msg_Correr2,Msg_L2
2248 1d 10 71 02                Bclr Banderas_2,LCD_OK
                        
224c 18 0b bb 10 2b             Movb #$BB,BCD1
2251 18 0b bb 10 2c             Movb #$BB,BCD2
2256 16 29 2d                   Jsr BCD_7SEG
                        
2259                    FinTarea_CorrerEst1
2259 18 03 22 60 10 44          Movw #Tarea_Correr_Est2,Est_Pres_TCorrer
225f 3d                         Rts
                        
                        ;=============================== CORRER ESTADO 2 ===============================
                        
2260                    Tarea_Correr_Est2
                                ; Esperar presión larga PB2 para iniciar
2260 1f 10 70 08 20             Brclr Banderas_1,LongP2,FinTarea_CorrerEst2
                        
                                ; Apagar relé
2265 4d 08 04                   Bclr PortRele,Rele
                        
                                ; Reiniciar variables del ciclo
2268 79 10 46                   Clr DeltaT
226b 79 10 47                   Clr Velocidad
226e 79 10 48                   Clr AcumVelocidad
2271 79 10 49                   Clr AcumVelocidad+1
2274 79 10 4a                   Clr Vueltas
                        
2277 1d 10 70 04                Bclr Banderas_1,ShortP2
227b 1d 10 70 08                Bclr Banderas_1,LongP2
                        
227f 18 03 22 86 10 44          Movw #Tarea_Correr_Est3,Est_Pres_TCorrer
                        
2285 3d                 FinTarea_CorrerEst2     Rts
                        
                        ;=============================== CORRER ESTADO 3 ===============================
                        
2286                    Tarea_Correr_Est3
2286 1f 10 71 02 23             Brclr Banderas_2,LCD_OK,FinTarea_CorrerEst3
                                ; Mensaje esperando S1
228b 18 03 12 44 10 34          Movw #Msg_Correr1,Msg_L1
2291 18 03 12 66 10 36          Movw #Msg_Correr3,Msg_L2
2297 1d 10 71 02                Bclr Banderas_2,LCD_OK
                        
229b 18 0b bb 10 2b             Movb #$BB,BCD1
22a0 18 0b bb 10 2c             Movb #$BB,BCD2
22a5 16 29 2d                   Jsr BCD_7SEG
                        
22a8 18 03 22 af 10 44          Movw #Tarea_Correr_Est4,Est_Pres_TCorrer
                        
22ae 3d                 FinTarea_CorrerEst3     Rts
                        
                        ;=============================== CORRER ESTADO 4 ===============================
                        
22af                    Tarea_Correr_Est4
                                ; Esperar ShortP1 (sensor S1)
22af 1f 10 70 01 24             Brclr Banderas_1,ShortP1,FinTarea_CorrerEst4
                        
                                ; Iniciar timer de cálculo
22b4 18 0b 64 15 19             Movb #tTimerCal,TimerCal
22b9 1d 10 70 01                Bclr Banderas_1,ShortP1
                        
22bd 1f 10 71 02 16             Brclr Banderas_2,LCD_OK,FinTarea_CorrerEst4
                                ; Mensaje esperando S2
22c2 18 03 12 44 10 34          Movw #Msg_Correr1,Msg_L1
22c8 18 03 12 77 10 36          Movw #Msg_Correr4,Msg_L2
22ce 1d 10 71 02                Bclr Banderas_2,LCD_OK
                        
22d2 18 03 22 d9 10 44          Movw #Tarea_Correr_Est5,Est_Pres_TCorrer
                        
22d8 3d                 FinTarea_CorrerEst4     Rts
                        
                        ;========================== CORRER ESTADO 5 ===================================
                        
22d9                    Tarea_Correr_Est5
                                ; Esperar ShortP2 (sensor S2)
22d9 1e 10 70 04 03             Brset Banderas_1,ShortP2,ShortP2_Detectado
22de 06 23 83                   Jmp FinTarea_CorrerEst5
                        
22e1                    ShortP2_Detectado:
22e1 1d 10 70 04                Bclr Banderas_1,ShortP2
                        
                                ; Calcular velocidad y timers
22e5 16 28 98                   Jsr Calcula
                        
                                ; Verificar si velocidad es válida (35-90 km/h)
22e8 b6 10 47                   Ldaa Velocidad
22eb 81 23                      Cmpa #VMin
22ed 25 4c                      Blo Velocidad_Invalida_Est5
22ef 81 5a                      Cmpa #VMax
22f1 22 48                      Bhi Velocidad_Invalida_Est5
                        
                                ; === VELOCIDAD VÁLIDA ===
                                ; Mensaje TimerPant
22f3 18 03 12 44 10 34          Movw #Msg_Correr1,Msg_L1
22f9 18 03 12 88 10 36          Movw #Msg_Correr5,Msg_L2
22ff 1d 10 71 02                Bclr Banderas_2,LCD_OK
                        
                                ; Mostrar TimerFinPant en display izquierdo
2303 f6 15 1b                   Ldab TimerFinPant
2306 87                         Clra
2307 ce 00 0a                   Ldx #10               ; Convertir 100ms a segundos
230a 18 10                      Idiv
230c b7 54                      Tfr X,D
230e 18 0f                      Tba
2310 16 28 f5                   Jsr BINBCD_PantallaMUX
2313 18 0c 10 29 10 2b          Movb BCD,BCD1
                        
                                ; Mostrar TimerIniPant en display derecho
2319 f6 15 1a                   Ldab TimerIniPant
231c 87                         Clra
231d ce 00 0a                   Ldx #10
2320 18 10                      Idiv
2322 b7 54                      Tfr X,D
2324 18 0f                      Tba
2326 16 28 f5                   Jsr BINBCD_PantallaMUX
2329 18 0c 10 29 10 2c          Movb BCD,BCD2
                        
232f 16 29 2d                   Jsr BCD_7SEG
                        
2332 18 03 23 84 10 44          Movw #Tarea_Correr_Est6,Est_Pres_TCorrer
2338 06 23 83                   Jmp FinTarea_CorrerEst5
                        
                                ; === VELOCIDAD INVÁLIDA ===
233b                    Velocidad_Invalida_Est5:
                                ; Mensaje de alerta
233b 18 03 12 aa 10 34          Movw #Msg_Correr7,Msg_L1
2341 18 03 12 bb 10 36          Movw #Msg_Correr8,Msg_L2
2347 1d 10 71 02                Bclr Banderas_2,LCD_OK
                        
                                ; Mostrar velocidad en display
234b b6 10 47                   Ldaa Velocidad
234e 81 63                      Cmpa #99
2350 22 13                      Bhi Mostrar_Guiones_Vel_Est5
                        
2352 16 28 f5                   Jsr BINBCD_PantallaMUX
2355 18 0c 10 29 10 2b          Movb BCD,BCD1
235b 18 0b bb 10 2c             Movb #$BB,BCD2
2360 16 29 2d                   Jsr BCD_7SEG
2363 20 0d                      Bra Cargar_Error_Est5
                        
2365                    Mostrar_Guiones_Vel_Est5:
2365 18 0b aa 10 2b             Movb #$AA,BCD1
236a 18 0b aa 10 2c             Movb #$AA,BCD2
236f 16 29 2d                   Jsr BCD_7SEG
                        
2372                    Cargar_Error_Est5:
2372 79 15 1a                   Clr TimerIniPant
2375 79 15 1b                   Clr TimerFinPant
2378 18 0b 02 15 21             Movb #tTimerError,TimerError
                        
237d 18 03 23 c9 10 44          Movw #Tarea_Correr_Est7,Est_Pres_TCorrer
                        
2383                    FinTarea_CorrerEst5:
2383 3d                         Rts
                        
                        ;========================== CORRER ESTADO 6 ===================================
                        
2384                    Tarea_Correr_Est6
                                ; Esperar que termine TimerIniPant
2384 f7 15 1a                   Tst TimerIniPant
2387 26 3f                      Bne FinTarea_CorrerEst6
                        
                                ; Incrementar vueltas y acumular velocidad
2389 72 10 4a                   Inc Vueltas
238c fc 10 48                   Ldd AcumVelocidad
238f fb 10 47                   Addb Velocidad
2392 89 00                      Adca #0
2394 7c 10 48                   Std AcumVelocidad
                        
                                ; Mostrar velocidad y vueltas en displays
2397 b6 10 47                   Ldaa Velocidad
239a 16 28 f5                   Jsr BINBCD_PantallaMUX
239d 18 0c 10 29 10 2c          Movb BCD,BCD2
23a3 b6 10 4a                   Ldaa Vueltas
23a6 16 28 f5                   Jsr BINBCD_PantallaMUX
23a9 18 0c 10 29 10 2b          Movb BCD,BCD1
23af 16 29 2d                   Jsr BCD_7SEG
                        
                                ; Mensaje de resultados
23b2 18 03 12 44 10 34          Movw #Msg_Correr1,Msg_L1
23b8 18 03 12 99 10 36          Movw #Msg_Correr6,Msg_L2
23be 1d 10 71 02                Bclr Banderas_2,LCD_OK
                        
23c2 18 03 23 d5 10 44          Movw #Tarea_Correr_Est8,Est_Pres_TCorrer
                        
23c8 3d                 FinTarea_CorrerEst6        Rts
                        
                        ;========================== CORRER ESTADO 7 ===================================
                        
23c9                    Tarea_Correr_Est7:
                                ; Esperar que termine TimerError (2 seg)
23c9 f7 15 21                   Tst TimerError
23cc 26 06                      Bne FinTarea_CorrerEst7
                        
                                ; Volver a estado 3 (siguiente vuelta)
23ce 18 03 22 86 10 44          Movw #Tarea_Correr_Est3,Est_Pres_TCorrer
                        
23d4 3d                 FinTarea_CorrerEst7        Rts
                        
                        ;========================== CORRER ESTADO 8 ===================================
                        
23d5                    Tarea_Correr_Est8:
                                ; Esperar que termine TimerFinPant
23d5 f7 15 1b                   Tst TimerFinPant
23d8 26 2d                      Bne FinTarea_CorrerEst8
                        
                                ; Verificar si se completaron las vueltas
23da b6 10 4a                   Ldaa Vueltas
23dd b1 10 43                   Cmpa NumVueltas
23e0 27 08                      Beq No_Alcanzado_Completado
                        
                                ; Continuar con siguiente vuelta
23e2 18 03 22 86 10 44          Movw #Tarea_Correr_Est3,Est_Pres_TCorrer
23e8 20 1d                      Bra FinTarea_CorrerEst8
                        
23ea                    No_Alcanzado_Completado:
                                ; Vueltas completadas - activar relé
23ea 4c 08 04                   Bset PortRele,Rele
23ed 1d 10 70 08                Bclr Banderas_1,LongP2
                                ; Mensaje fin de ciclo
23f1 18 03 12 44 10 34          Movw #Msg_Correr1,Msg_L1
23f7 18 03 12 cc 10 36          Movw #Msg_Correr9,Msg_L2
23fd 1d 10 71 02                Bclr Banderas_2,LCD_OK
2401 18 03 22 60 10 44          Movw #Tarea_Correr_Est2,Est_Pres_TCorrer
                        
2407                    FinTarea_CorrerEst8:
2407 3d                         Rts
                        
                        ;*******************************************************************************
                        ;                             TAREA RESUMEN
                        ;*******************************************************************************
                        
2408                    Tarea_Resumen
                                ; Verificar si NO estamos en modo Resumen (invertir lógica)
2408 1f 10 05 80 5a             Brclr Funcion,$80,FinTarea_Resumen  ; ? Si ya procesamos, salir
                        
                                ; Verificar que LCD esté listo
240d 1f 10 71 02 55             Brclr Banderas_2,LCD_OK,FinTarea_Resumen
                        
2412 18 0b 08 10 26             Movb #LDResumen,LEDS
2417 18 03 12 dd 10 34          Movw #Msg_Resumen1,Msg_L1
241d 18 03 12 ee 10 36          Movw #Msg_Resumen2,Msg_L2
2423 1d 10 71 02                Bclr Banderas_2,LCD_OK
                        
                                ; === CALCULAR VELOCIDAD PROMEDIO (CORREGIDO) ===
2427 b6 10 4a                   Ldaa Vueltas
242a 27 29                      Beq Resumen_Sin_Vueltas           ; ? Prevenir división por 0
                        
                                ; Preparar división: AcumVelocidad / Vueltas
242c fc 10 48                   Ldd AcumVelocidad                 ; D = acumulado
242f 87                         Clra                              ; A = 0
2430 f6 10 4a                   Ldab Vueltas                      ; B = divisor
2433 b7 45                      Tfr D,X                           ; X = divisor (16 bits)
2435 fc 10 48                   Ldd AcumVelocidad                 ; D = dividendo
2438 18 10                      Idiv                              ; X = cociente (VelPromedio)
                        
                                ; Mostrar velocidad promedio
243a b7 54                      Tfr X,D
243c 18 0f                      Tba
243e 16 28 f5                   Jsr BINBCD_PantallaMUX
2441 18 0c 10 29 10 2b          Movb BCD,BCD1
                        
                                ; Mostrar vueltas
2447 b6 10 4a                   Ldaa Vueltas
244a 16 28 f5                   Jsr BINBCD_PantallaMUX
244d 18 0c 10 29 10 2c          Movb BCD,BCD2
                        
2453 20 0a                      Bra Resumen_Actualizar
                        
2455                    Resumen_Sin_Vueltas:
2455 18 0b 00 10 2b             Movb #$00,BCD1
245a 18 0b 00 10 2c             Movb #$00,BCD2
                        
245f                    Resumen_Actualizar:
245f 16 29 2d                   Jsr BCD_7SEG
2462 18 0b ff 10 05             Movb #$FF,Funcion                 ; ? Marcar como procesado
                        
2467                    FinTarea_Resumen:
2467 3d                         Rts
                        
                        ;*******************************************************************************
                        ;                             TAREA BRILLO
                        ;*******************************************************************************
                        
2468                    Tarea_Brillo
2468 fe 10 4b                   Ldx Est_Pres_TBrillo
246b 15 00                      Jsr 0,X
                        
246d 3d                 FinTarea_Brillo   Rts
                        
                        ;=========================== BRILLO ESTADO 1 ===================================
                        
246e                    Tarea_Brillo_Est1
                                ; Cargar timer de muestreo
246e 18 0b 04 15 1c             Movb #tTimerBrillo,Timer_Brillo
2473 18 03 24 7a 10 4b          Movw #Tarea_Brillo_Est2,Est_Pres_TBrillo
                        
2479 3d                 FinTarea_BrilloEst1    Rts
                        
                        ;=========================== BRILLO ESTADO 2 ===================================
                        
247a                    Tarea_Brillo_Est2
                                ; Esperar tiempo de muestreo
247a f7 15 1c                   Tst Timer_Brillo
247d 26 0b                      Bne FinTarea_BrilloEst2
                        
                                ; Iniciar conversión ATD
247f 18 0b 87 00 85             Movb #$87,ATD0CTL5
2484 18 03 24 8b 10 4b          Movw #Tarea_Brillo_Est3,Est_Pres_TBrillo
                        
248a 3d                 FinTarea_BrilloEst2    Rts
                        
                        ;==============================Brillo Estado 3=================================
                        
248b                    Tarea_Brillo_Est3:
                                ; Esperar fin de conversión
248b 4f 86 80 28                Brclr ATD0STAT0,MaskSCF,FinTarea_BrilloEst3
                        
                                ; Promediar las 4 conversiones
248f dc 90                      Ldd ADR00H
2491 d3 92                      Addd ADR01H
2493 d3 94                      Addd ADR02H
2495 d3 96                      Addd ADR03H
2497 49                         Lsrd        ; /2
2498 49                         Lsrd        ; /4 -> promedio en B (0-255)
                        
                                ; Convertir de 0-255 a 0-100
2499 b7 10                      Tfr B,A
249b cd 00 64                   Ldy #100
249e 12                         Mul         ; D = valor * 100
249f ce 00 ff                   Ldx #255
24a2 18 10                      Idiv        ; X = (valor * 100) / 255
24a4 b7 54                      Tfr X,D
24a6 18 0f                      Tba
                        
                                ; Limitar a rango 0-100
24a8 81 64                      Cmpa #100
24aa 23 02                      Bls BrilloOK
24ac 86 64                      Ldaa #100
                        
24ae                    BrilloOK
24ae 7a 10 28                   Staa Brillo
24b1 18 03 24 6e 10 4b          Movw #Tarea_Brillo_Est1,Est_Pres_TBrillo
                        
24b7 3d                 FinTarea_BrilloEst3 Rts
                        
                        ;*******************************************************************************
                        ;                              TAREA TECLADO
                        ;*******************************************************************************
                        
24b8                    Tarea_Teclado
24b8 fe 10 06                         Ldx Est_Pres_TCL
24bb 15 00                            Jsr 0,X
                        
24bd 3d                 FinTeclado    Rts
                        
                        ;============================ TECLADO ESTADO 1 =================================
                        
24be                    Teclado_Est1
24be 16 25 72                         Jsr Tarea_LeerTeclado
24c1 b6 10 01                         Ldaa Tecla
24c4 81 ff                            Cmpa #$FF
24c6 27 11                            Beq FinTecladoEst1
                        
24c8                    TeclaPresionada
24c8 18 0c 10 01 10 02                Movb Tecla,Tecla_In
24ce 18 0b 14 15 12                   Movb #tSupRebTCL,Timer_RebTCL
24d3 18 03 24 da 10 06                Movw #Teclado_Est2,Est_Pres_TCL
                        
24d9                    FinTecladoEst1
24d9 3d                               Rts
                        
                        ;============================ TECLADO ESTADO 2 =================================
                        
24da                    Teclado_Est2
24da f7 15 12                         Tst Timer_RebTCL
24dd 26 19                            Bne FinTecladoEst2
                        
24df 16 25 72                         Jsr Tarea_LeerTeclado
24e2 b6 10 01                         Ldaa Tecla
                        
24e5 b1 10 02                         Cmpa Tecla_In
24e8 27 08                            Beq MantieneTeclaPres
24ea 18 03 24 be 10 06                Movw #Teclado_Est1,Est_Pres_TCL
24f0 20 06                            Bra FinTecladoEst2
                        
24f2                    MantieneTeclaPres
24f2 18 03 24 f9 10 06                Movw #Teclado_Est3,Est_Pres_TCL
                        
24f8                    FinTecladoEst2
24f8 3d                               Rts
                        
                        ;============================ TECLADO ESTADO 3 =================================
                        
24f9                    Teclado_Est3
24f9 16 25 72                         Jsr Tarea_LeerTeclado
24fc b6 10 01                         Ldaa Tecla
24ff 81 ff                            Cmpa #$FF
2501 26 1b                            Bne FinTecladoEst3
2503 b6 10 02                         Ldaa Tecla_In
2506 81 0f                            Cmpa #15
2508 22 08                            Bhi TeclaMayor
250a 18 03 25 1f 10 06                Movw #Teclado_Est4,Est_Pres_TCL
2510 20 0c                            Bra FinTecladoEst3
                        
2512                    TeclaMayor
2512 18 0c 10 02 10 05                Movb Tecla_In,Funcion
2518 18 03 24 be 10 06                Movw #Teclado_Est1,Est_Pres_TCL
                        
251e                    FinTecladoEst3
251e 3d                               Rts
                        
                        ;============================ TECLADO ESTADO 4 =================================
                        
251f b6 10 03           Teclado_Est4    Ldaa Cont_TCL
2522 f6 10 02                           Ldab Tecla_In
2525 ce 10 10                           Ldx #Num_Array
2528 b1 10 00                           Cmpa Max_TCL
252b 27 1c                              Beq FullArray
252d 97                                 Tsta
252e 27 0a                              Beq Primertecla
2530 c1 0b                              Cmpb #$0B
2532 27 1f                              Beq Borrar
2534 c1 0e                              Cmpb #$0E
2536 27 27                              Beq Enter
2538 20 08                              Bra Noenter
                        
253a c1 0b              Primertecla     Cmpb #$0B
253c 27 28                              Beq FinTecladoEst4
253e c1 0e                              Cmpb #$0E
2540 27 24                              Beq FinTecladoEst4
                        
2542 6b e4              Noenter         Stab A,X
2544 72 10 03                           Inc Cont_TCL
2547 20 1d                              Bra FinTecladoEst4
                        
2549 c1 0b              FullArray       Cmpb #$0B
254b 27 06                              Beq Borrar
254d c1 0e                              Cmpb #$0E
254f 27 0e                              Beq Enter
2551 20 13                              Bra FinTecladoEst4
                        
2553 73 10 03           Borrar          Dec Cont_TCL
2556 b6 10 03                           Ldaa Cont_TCL
2559 18 08 e4 ff                        Movb #$FF,A,X
255d 20 07                              Bra FinTecladoEst4
                        
255f 79 10 03           Enter           Clr Cont_TCL
2562 1c 10 70 10                        Bset Banderas_1,ArrayOK
                        
2566                    FinTecladoEst4
2566 18 0b ff 10 02                     Movb #$FF,Tecla_In
256b 18 03 24 be 10 06                  Movw #Teclado_Est1,Est_Pres_TCL
2571 3d                                 Rts
                        
                        ;*******************************************************************************
                        ;                            TAREA LEER TECLADO
                        ;*******************************************************************************
                        
2572                    Tarea_LeerTeclado
2572 18 0b ef 10 04                   Movb #$EF,Patron
2577 ce 11 10                         Ldx #Teclas
257a f6 10 01                         Ldab Tecla
257d 87                               Clra
                        
257e 18 0c 10 04 00 00  InicioT       Movb Patron,PORTA
2584 4f 00 01 18                      Brclr PORTA,$01,Cargar
2588 42                               Inca
2589 4f 00 02 13                      Brclr PORTA,$02,Cargar
258d 42                               Inca
258e 4f 00 04 0e                      Brclr PORTA,$04,Cargar
2592 42                               Inca
2593 4f 00 08 10                      Brclr PORTA,$08,Cargar2
2597 81 0c                            Cmpa #12
2599 27 14                            Beq Cargar3
259b 75 10 04                         Rol Patron
259e 20 de                            Bra InicioT
                        
25a0 18 0d e4 10 01     Cargar        Movb A,X,Tecla
25a5 20 0d                            Bra FinLeerTeclado
                        
25a7 18 0c 10 04 10 01  Cargar2       Movb Patron,Tecla
25ad 20 05                            Bra FinLeerTeclado
                        
25af 18 0b ff 10 01     Cargar3       Movb #$FF,Tecla
                        
25b4                    FinLeerTeclado
25b4 3d                               Rts
                        
                        ;*******************************************************************************
                        ;                               TAREA LED TESTIGO
                        ;*******************************************************************************
                        
25b5                    Tarea_Led_Testigo
25b5 fe 10 4d                           Ldx Est_Pres_TLedTestigo
25b8 15 00                              Jsr 0,X
                        
25ba 3d                 FinLedTest      Rts
                        
                        ;========================== LED TESTIGO ESTADO 1 ===============================
                        
25bb                    Led_Testigo_Est1
25bb f7 15 1d                           Tst Timer_LED_Testigo
25be 26 13                              Bne FinLed_TestigoEst1
                        
25c0 18 0b 05 15 1d                     Movb #tTimerLDTst,Timer_LED_Testigo
25c5 1d 02 58 20                        Bclr PTP,$20
25c9 1c 02 58 10                        Bset PTP,$10
25cd 18 03 25 d4 10 4d                  Movw #Led_Testigo_Est2,Est_Pres_TLedTestigo
                        
25d3 3d                 FinLed_TestigoEst1    Rts
                        
                        ;========================== LED TESTIGO ESTADO 2 ===============================
                        
25d4                    Led_Testigo_Est2
25d4 f7 15 1d                           Tst Timer_LED_Testigo
25d7 26 13                              Bne FinLed_TestigoEst2
                        
25d9 18 0b 05 15 1d                     Movb #tTimerLDTst,Timer_LED_Testigo
25de 1d 02 58 10                        Bclr PTP,$10
25e2 1c 02 58 40                        Bset PTP,$40
25e6 18 03 25 ed 10 4d                  Movw #Led_Testigo_Est3,Est_Pres_TLedTestigo
                        
25ec 3d                 FinLed_TestigoEst2    Rts
                        
                        ;========================== LED TESTIGO ESTADO 3 ===============================
                        
25ed                    Led_Testigo_Est3
25ed f7 15 1d                           Tst Timer_LED_Testigo
25f0 26 13                              Bne FinLed_TestigoEst3
                        
25f2 18 0b 05 15 1d                     Movb #tTimerLDTst,Timer_LED_Testigo
25f7 1d 02 58 40                        Bclr PTP,$40
25fb 1c 02 58 20                        Bset PTP,$20
25ff 18 03 25 bb 10 4d                  Movw #Led_Testigo_Est1,Est_Pres_TLedTestigo
                        
2605 3d                 FinLed_TestigoEst3    Rts
                        
                        ;*******************************************************************************
                        ;                             TAREA LEER PB1
                        ;*******************************************************************************
                        
2606                    Tarea_LeerPB1
2606 fe 10 3c                         Ldx Est_Pres_LeerPB1
2609 15 00                            Jsr 0,X
                        
260b 3d                 FinTareaPB1   Rts
                        
                        ;========================== LEER PB1 ESTADO 1 ==================================
                        
260c                    LeerPB1_Est1
260c 1f 02 61 08 02                   Brclr PortPB,MaskPB1,ContinuePB1
2611 20 15                            Bra FinPB1Est1
                        
2613 18 0b 0a 15 10     ContinuePB1   Movb #tSupRebPB1,Timer_RebPB1
2618 18 0b 19 15 16                   Movb #tShortP1,Timer_SHP1
261d 18 0b 03 15 1f                   Movb #tLongP1,Timer_LP1
                        
2622 18 03 26 29 10 3c                Movw #LeerPB1_Est2,Est_Pres_LeerPB1
                        
2628 3d                 FinPB1Est1    Rts
                        
                        ;========================== LEER PB1 ESTADO 2 ==================================
                        
2629                    LeerPB1_Est2
2629 f7 15 10                         Tst Timer_RebPB1
262c 26 13                            Bne FinPB1Est2
                        
262e 1f 02 61 08 08                   Brclr PortPB,MaskPB1,ContinuePB12
2633 18 03 26 0c 10 3c                Movw #LeerPB1_Est1,Est_Pres_LeerPB1
2639 20 06                            Bra FinPB1Est2
                        
263b 18 03 26 42 10 3c  ContinuePB12  Movw #LeerPB1_Est3,Est_Pres_LeerPB1
                        
2641 3d                 FinPB1Est2    Rts
                        
                        ;========================== LEER PB1 ESTADO 3 ==================================
                        
2642                    LeerPB1_Est3
2642 f7 15 16                         Tst Timer_SHP1
2645 26 17                            Bne FinPB1Est3
                        
2647 1f 02 61 08 0c                   Brclr PortPB,MaskPB1,ContinuePB13
264c 1c 10 70 01                      Bset Banderas_1,ShortP1
2650 18 03 26 0c 10 3c                Movw #LeerPB1_Est1,Est_Pres_LeerPB1
2656 20 06                            Bra FinPB1Est3
                        
2658 18 03 26 5f 10 3c  ContinuePB13  Movw #LeerPB1_Est4,Est_Pres_LeerPB1
                        
265e 3d                 FinPB1Est3    Rts
                        
                        ;=========================== LEER PB1 ESTADO 4 =================================
                        
265f                    LeerPB1_Est4
265f f7 15 1f                         Tst Timer_LP1
2662 27 0b                            Beq ContinuePB15
2664 1f 02 61 08 15                   Brclr PortPB,MaskPB1,FinPB1Est4
2669 1c 10 70 01                      Bset Banderas_1,ShortP1
266d 20 09                            Bra LOLPB1
                        
266f 1f 02 61 08 0a     ContinuePB15  Brclr PortPB,MaskPB1,FinPB1Est4
2674 1c 10 70 02                      Bset Banderas_1,LongP1
2678 18 03 26 0c 10 3c  LOLPB1        Movw #LeerPB1_Est1,Est_Pres_LeerPB1
                        
267e 3d                 FinPB1Est4    Rts
                        
                        ;*******************************************************************************
                        ;                             TAREA LEER PB2
                        ;*******************************************************************************
                        
267f                    Tarea_LeerPB2
267f fe 10 3e                         Ldx Est_Pres_LeerPB2
2682 15 00                            Jsr 0,X
                        
2684 3d                 FinTareaPB2   Rts
                        
                        ;=========================== LEER PB2 ESTADO 1 =================================
                        
2685                    LeerPB2_Est1
2685 1f 02 61 01 02                   Brclr PortPB,MaskPB2,ContinuePB2
268a 20 15                            Bra FinPB2Est1
                        
268c 18 0b 0a 15 11     ContinuePB2   Movb #tSupRebPB2,Timer_RebPB2
2691 18 0b 19 15 17                   Movb #tShortP2,Timer_SHP2
2696 18 0b 03 15 20                   Movb #tLongP2,Timer_LP2
                        
269b 18 03 26 a2 10 3e                Movw #LeerPB2_Est2,Est_Pres_LeerPB2
                        
26a1 3d                 FinPB2Est1    Rts
                        
                        ;=========================== LEER PB1 ESTADO 2 =================================
                        
26a2                    LeerPB2_Est2
26a2 f7 15 11                         Tst Timer_RebPB2
26a5 26 13                            Bne FinPB2Est2
                        
26a7 1f 02 61 01 08                   Brclr PortPB,MaskPB2,ContinuePB22
26ac 18 03 26 85 10 3e                Movw #LeerPB2_Est1,Est_Pres_LeerPB2
26b2 20 06                            Bra FinPB2Est2
                        
26b4 18 03 26 bb 10 3e  ContinuePB22  Movw #LeerPB2_Est3,Est_Pres_LeerPB2
                        
26ba 3d                 FinPB2Est2    Rts
                        
                        ;=========================== LEER PB1 ESTADO 3 =================================
                        
26bb                    LeerPB2_Est3
26bb f7 15 17                         Tst Timer_SHP2
26be 26 17                            Bne FinPB2Est3
                        
26c0 1f 02 61 01 0c                   Brclr PortPB,MaskPB2,ContinuePB23
26c5 1c 10 70 04                      Bset Banderas_1,ShortP2
26c9 18 03 26 85 10 3e                Movw #LeerPB2_Est1,Est_Pres_LeerPB2
26cf 20 06                            Bra FinPB2Est3
                        
26d1 18 03 26 d8 10 3e  ContinuePB23  Movw #LeerPB2_Est4,Est_Pres_LeerPB2
                        
26d7 3d                 FinPB2Est3    Rts
                        
                        ;=========================== LEER PB1 ESTADO 4 =================================
                        
26d8                    LeerPB2_Est4
26d8 f7 15 20                         Tst Timer_LP2
26db 27 0b                            Beq ContinuePB25
26dd 1f 02 61 01 15                   Brclr PortPB,MaskPB2,FinPB2Est4
26e2 1c 10 70 04                      Bset Banderas_1,ShortP2
26e6 20 09                            Bra LOLPB2
                        
26e8 1f 02 61 01 0a     ContinuePB25  Brclr PortPB,MaskPB2,FinPB2Est4
26ed 1c 10 70 08                      Bset Banderas_1,LongP2
26f1 18 03 26 85 10 3e  LOLPB2        Movw #LeerPB2_Est1,Est_Pres_LeerPB2
                        
26f7 3d                 FinPB2Est4    Rts
                        
                        ;*******************************************************************************
                        ;                               TAREA MUX PANTALLA
                        ;*******************************************************************************
                        
26f8                    Tarea_MUX_Pantalla
26f8 fe 10 20                           Ldx EstPres_PantallaMUX
26fb 15 00                              Jsr 0,X
                        
26fd 3d                 FinPantallaMUX  Rts
                        
                        ;========================= PANTALLA MUX ESTADO 1 ===============================
                        
26fe                    PantallaMUX_Est1
26fe f7 15 13                         Tst TimerDigito
2701 26 73                            Bne FinPantallaMUXEst1
2703 18 0b 02 15 13                   Movb #tTimerDigito,TimerDigito
2708 b6 10 27                         Ldaa Cont_Dig
                        
270b 81 01                            Cmpa #1
270d 27 21                            Beq Display1
270f 81 02                            Cmpa #2
2711 27 2c                            Beq Display2
2713 81 03                            Cmpa #3
2715 27 37                            Beq Display3
2717 81 04                            Cmpa #4
2719 27 42                            Beq Display4
271b 1c 02 6a 02                      Bset DDRJ,$02
271f 1d 02 68 02                      Bclr PTJ,$02
2723 18 0c 10 26 00 01                Movb LEDS,PORTB
2729 18 0b 01 10 27                   Movb #$01,Cont_Dig
272e 20 3a                            Bra Contador
                        
2730 1d 02 58 01        Display1      Bclr PTP,$01
2734 18 0c 10 22 00 01                Movb Dsp1,PORTB
273a 72 10 27                         Inc Cont_Dig
273d 20 2b                            Bra Contador
                        
273f 1d 02 58 02        Display2      Bclr PTP,$02
2743 18 0c 10 23 00 01                Movb Dsp2,PORTB
2749 72 10 27                         Inc Cont_Dig
274c 20 1c                            Bra Contador
                        
274e 1d 02 58 04        Display3      Bclr PTP,$04
2752 18 0c 10 24 00 01                Movb Dsp3,PORTB
2758 72 10 27                         Inc Cont_Dig
275b 20 0d                            Bra Contador
                        
275d 1d 02 58 08        Display4      Bclr PTP,$08
2761 18 0c 10 25 00 01                Movb Dsp4,PORTB
2767 72 10 27                         Inc Cont_Dig
                        
276a 18 03 00 64 15 08  Contador      Movw #MaxCountTicks,Counter_Ticks
2770 18 03 27 77 10 20                Movw #PantallaMUX_Est2,EstPres_PantallaMUX
                        
2776 3d                 FinPantallaMUXEst1    Rts
                        
                        ;========================= PANTALLA MUX ESTADO 2 ===============================
                        
2777                    PantallaMUX_Est2
2777 cc 00 64                         Ldd #MaxCountTicks
277a b3 15 08                         Subd Counter_Ticks
277d f1 10 28                         Cmpb Brillo
2780 25 0e                            Blo FinPantallaMUXEst2
                        
2782 1c 02 58 0f                      Bset PTP,$0F
2786 1c 02 68 02                      Bset PTJ,$02
                        
278a 18 03 26 fe 10 20                Movw #PantallaMUX_Est1,EstPres_PantallaMUX
                        
2790 3d                 FinPantallaMUXEst2    Rts
                        
                        ;*******************************************************************************
                        ;                                TAREA LCD
                        ;*******************************************************************************
                        
2791                    TareaLCD
2791 fe 10 3a                       Ldx EstPres_TareaLCD
2794 15 00                          Jsr 0,X
                        
2796 3d                 FinTareaLCD      Rts
                        
                        ;========================= TAREA LCD ESTADO 1 ==================================
                        
2797                    TareaLCD_Est1
2797 1d 10 71 04                    Bclr Banderas_2,FinSendLCD
279b 1d 10 71 01                    Bclr Banderas_2,RS
                        
279f 1e 10 71 08 0d                 Brset Banderas_2,Second_line,Cargar_L2
27a4 18 0b 80 10 33                 Movb #ADD_L1,CharLCD
27a9 18 04 10 34 10 31              Movw Msg_L1,Punt_LCD
27af 20 0b                          Bra Comando
                        
27b1 18 0b c0 10 33     Cargar_L2   Movb #ADD_L2,CharLCD
27b6 18 04 10 36 10 31              Movw Msg_L2,Punt_LCD
                        
27bc 16 28 04           Comando     Jsr Tarea_SendLCD
27bf 18 03 27 c6 10 3a              Movw #TareaLCD_Est2,EstPres_TareaLCD
                        
27c5 3d                 Fin_TareaLCD_Est1   Rts
                        
                        ;========================= TAREA LCD ESTADO 2 ==================================
                        
27c6                    TareaLCD_Est2
27c6 1f 10 71 04 35                 Brclr Banderas_2,FinSendLCD,Noenviado
27cb 1d 10 71 04                    Bclr Banderas_2,FinSendLCD
27cf 1c 10 71 01                    Bset Banderas_2,RS
27d3 fe 10 31                       Ldx Punt_LCD
27d6 18 0d 30 10 33                 Movb 1,X+,CharLCD
27db 7e 10 31                       Stx Punt_LCD
27de b6 10 33                       Ldaa CharLCD
                        
27e1 81 ff                          Cmpa #$FF
27e3 26 1b                          Bne Noenviado
                        
27e5 1e 10 71 08 06                 Brset Banderas_2,Second_Line,Terminar
27ea 1c 10 71 08                    Bset Banderas_2,Second_Line
27ee 20 08                          Bra Sedevuelve
                        
27f0 1d 10 71 08        Terminar    Bclr Banderas_2,Second_Line
27f4 1c 10 71 02                    Bset Banderas_2,LCD_OK
                        
27f8 18 03 27 97 10 3a  Sedevuelve  Movw #TareaLCD_Est1,EstPres_TareaLCD
27fe 20 03                          Bra Fin_TareaLCD_Est2
                        
2800 16 28 04           Noenviado   Jsr Tarea_SendLCD
                        
2803 3d                 Fin_TareaLCD_Est2  Rts
                        
                        ;*******************************************************************************
                        ;                            TAREA SEND LCD
                        ;*******************************************************************************
                        
2804                    Tarea_SendLCD
2804 fe 10 38                           Ldx EstPres_SendLCD
2807 15 00                              Jsr 0,X
                        
2809 3d                 FinTarea_SendLCD      Rts
                        
                        ;============================ SEND LCD ESTADO 1 ================================
                        
280a                    SendLCD_Est1
280a b6 10 33                           Ldaa CharLCD
280d 84 f0                              Anda #$F0
280f 44                                 Lsra
2810 44                                 Lsra
2811 5a 32                              Staa PORTK
                        
2813 1e 10 71 01 05                     Brset Banderas_2,RS,Deshabilitar
2818 4d 32 01                           Bclr PORTK,RS
281b 20 03                              Bra Sigue
                        
281d 4c 32 01           Deshabilitar    Bset PORTK,RS
                        
2820 4c 32 02           Sigue           Bset PORTK,$02
2823 18 03 00 0d 15 0a                  Movw #tTimer260uS,Timer260uS
2829 18 03 28 30 10 38                  Movw #SendLCD_Est2,EstPres_SendLCD
                        
282f 3d                 FinSendLCDEst1  Rts
                        
                        ;============================ SEND LCD ESTADO 2 ================================
                        
2830                    SendLCD_Est2
2830 f7 15 0a                           Tst Timer260uS
2833 26 28                              Bne FinSendLCDEst2
                        
2835 4d 32 02                           Bclr PORTK,$02
                        
2838 b6 10 33                           Ldaa CharLCD
283b 84 0f                              Anda #$0F
283d 48                                 Lsla
283e 48                                 Lsla
283f 5a 32                              Staa PORTK
                        
2841 1e 10 71 01 05                     Brset Banderas_2,RS,Deshabilitar2
2846 4d 32 01                           Bclr PORTK,RS
2849 20 03                              Bra Sigue2
                        
284b 4c 32 01           Deshabilitar2   Bset PORTK,RS
                        
284e 4c 32 02           Sigue2          Bset PORTK,$02
2851 18 03 00 0d 15 0a                  Movw #tTimer260uS,Timer260uS
2857 18 03 28 5e 10 38                  Movw #SendLCD_Est3,EstPres_SendLCD
                        
285d 3d                 FinSendLCDEst2    Rts
                        
                        ;============================ SEND LCD ESTADO 3 ================================
                        
285e                    SendLCD_Est3
285e f7 15 0a                           Tst Timer260uS
2861 26 0f                              Bne FinSendLCDEst3
                        
2863 4d 32 02                           Bclr PORTK,$02
2866 18 03 00 02 15 0c                  Movw #tTimer40uS,Timer40uS
286c 18 03 28 73 10 38                  Movw #SendLCD_Est4,EstPres_SendLCD
                        
2872 3d                 FinSendLCDEst3  Rts
                        
                        ;============================ SEND LCD ESTADO 4 ================================
                        
2873                    SendLCD_Est4
2873 f7 15 0c                           Tst Timer40uS
2876 26 0a                              Bne FinSendLCDEst4
2878 1c 10 71 04                        Bset Banderas_2,FinSendLCD
287c 18 03 28 0a 10 38                  Movw #SendLCD_Est1,EstPres_SendLCD
                        
2882 3d                 FinSendLCDEst4  Rts
                        
                        ;*******************************************************************************
                        ;                         TAREA CONVERSION BCD BIN
                        ;*******************************************************************************
                        
2883 b7 01              BCD_BIN         Tfr A,B                 ;Se copia el valor BCD en el acumulador B
                        
2885 84 0f                              Anda #$0F               ;Se obtiene el n mero de las unidades
2887 7a 10 29                           Staa BCD                ;Se carga el n mero de las unidades en BCD
                        
288a 54                                 Lsrb                    ;Se desplaza 4 posiciones el valor de las decenas
288b 54                                 Lsrb
288c 54                                 Lsrb
288d 54                                 Lsrb
                        
288e 86 0a                              Ldaa #10                ;Se multiplica por 10
2890 12                                 Mul
                        
2891 fb 10 29                           Addb BCD                ;Se le suma a las unidades, el valor de las decenas multiplicado por 10
2894 7b 10 29                           Stab BCD                ;Se guarda el resultado en BCD
2897 3d                                 Rts
                        
                        ;*******************************************************************************
                        ;                               SUBRUTINA CALCULA
                        ;*******************************************************************************
                        ; Descripción: Calcula velocidad y timers basados en tiempo entre sensores
                        ; Entradas: TimerCal (debe estar corriendo desde S1)
                        ; Salidas: DeltaT, Velocidad, TimerIniPant, TimerFinPant
                        ; Fórmulas:
                        ;   DeltaT = tTimerCal - TimerCal (en unidades de 100ms)
                        ;   Velocidad = (DeltaS * 36) / DeltaT (en km/h)
                        ;   TimerIniPant = (DeltaT * DeltaM) / DeltaS (en 100ms)
                        ;   TimerFinPant = (DeltaT * DeltaP) / DeltaS (en 100ms)
                        ;*******************************************************************************
                        
2898                    Calcula:
                                ; ===== CALCULAR DeltaT =====
2898 86 64                      Ldaa #tTimerCal       ; A = 100
289a b0 15 19                   Suba TimerCal         ; A = 100 - TimerCal
289d 7a 10 46                   Staa DeltaT
28a0 97                         Tsta
28a1 27 42                      Beq DeltaT_Cero       ; Si DeltaT = 0, caso especial
                        
                                ; ===== CALCULAR VELOCIDAD =====
                                ; Velocidad = (DeltaS * 36) / DeltaT
28a3 b6 10 46                   Ldaa DeltaT
28a6 b7 01                      Tfr A,B               ; B = DeltaT
28a8 87                         Clra                  ; D = 00:DeltaT
28a9 b7 45                      Tfr D,X               ; X = DeltaT (divisor)
                        
28ab 86 32                      Ldaa #DeltaS          ; A = 50
28ad c6 24                      Ldab #36              ; B = 36
28af 12                         Mul                   ; D = 50 * 36 = 1800
28b0 18 10                      Idiv                  ; X = 1800 / DeltaT (cociente)
28b2 b7 c5                      XGDX                  ; INTERCAMBIO: D = cociente (velocidad)
                        
                                ; Limitar velocidad a 99
28b4 c1 63                      Cmpb #99
28b6 23 02                      Bls Velocidad_OK
28b8 c6 63                      Ldab #99
                        
28ba                    Velocidad_OK:
28ba 7b 10 47                   Stab Velocidad
                        
                                ; ===== CALCULAR TimerIniPant =====
                                ; TimerIniPant = (DeltaT * 150) / 50 = DeltaT * 3
28bd b6 10 46                   Ldaa DeltaT
28c0 c6 96                      Ldab #DeltaM         ; B = 150
28c2 12                         Mul                  ; D = DeltaT * 150
28c3 ce 00 32                   Ldx #DeltaS          ; X = 50
28c6 18 10                      Idiv                 ; X = (DeltaT * 150) / 50
28c8 b7 c5                      XGDX                 ; INTERCAMBIO: D = TimerIniPant
28ca 7b 15 1a                   Stab TimerIniPant    ; Guardar resultado
                        
                                ; ===== CALCULAR TimerFinPant =====
                                ; TimerFinPant = (DeltaT * 250) / 50 = DeltaT * 5
28cd b6 10 46                   Ldaa DeltaT
28d0 c6 fa                      Ldab #DeltaP         ; B = 250
28d2 12                         Mul                  ; D = DeltaT * 250
28d3 ce 00 32                   Ldx #DeltaS          ; X = 50
28d6 18 10                      Idiv                 ; X = (DeltaT * 250) / 50
28d8 b7 c5                      XGDX                 ; INTERCAMBIO: D = TimerFinPant
                        
                                ; Limitar a 254 (evitar $FF = -1)
28da c1 ff                      Cmpb #$FF
28dc 26 02                      Bne TimerFin_OK
28de c6 fe                      Ldab #$FE            ; Usar 254 si es 255
                        
28e0                    TimerFin_OK:
28e0 7b 15 1b                   Stab TimerFinPant
28e3 20 0f                      Bra Fin_Calcula
                        
                                ; ===== CASO DeltaT = 0 =====
28e5                    DeltaT_Cero:
28e5 18 0b 63 10 47             Movb #99,Velocidad
28ea 18 0b 63 15 1a             Movb #99,TimerIniPant
28ef 18 0b 63 15 1b             Movb #99,TimerFinPant
                        
28f4                    Fin_Calcula:
28f4 3d                         Rts
                        ;*******************************************************************************
                        ;                        SUBRUTINA BIN BCD PANTALLA MUX
                        ;*******************************************************************************
                        
28f5                    BINBCD_PantallaMUX
28f5 7a 10 29                           Staa BCD
28f8 18 0b 07 10 2a                     Movb #7,Cont_BCD
28fd cc 00 00                           Ldd #0
                        
2900 78 10 29           LoopBINBCD      Lsl BCD
2903 55                                 Rolb
2904 b7 10                              Tfr B,A
2906 c4 0f                              Andb #$0F
                        
2908 c1 05                              Cmpb #5
290a 24 02                              Bhs Mayor1
290c 20 02                              Bra Menor1
                        
290e cb 03              Mayor1          Addb #3
                        
2910 84 f0              Menor1          Anda #$F0
                        
2912 81 50                              Cmpa #$50
2914 24 02                              Bhs Mayor2
2916 20 02                              Bra Menor2
                        
2918 8b 30              Mayor2          Adda #$30
                        
291a 18 06              Menor2          Aba
291c b7 01                              Tfr A,B
291e 73 10 2a                           Dec Cont_BCD
                        
2921 27 02                              Beq LastBCD
2923 20 db                              Bra LoopBINBCD
                        
2925 78 10 29           LastBCD         Lsl BCD
2928 55                                 Rolb
2929 7b 10 29                           Stab BCD
                        
292c 3d                 FinBINBCD_PantallaMUX Rts
                        
                        
                        ;*******************************************************************************
                        ;                            SUBRUTINA BCD 7SEG
                        ;*******************************************************************************
                        
292d ce 11 00           BCD_7SEG        Ldx #Segment
2930 b6 10 2b                           Ldaa BCD1
2933 84 0f                              Anda #$0F
2935 e6 e4                              Ldab A,X
2937 7b 10 25                           Stab Dsp4
                        
293a b6 10 2b                           Ldaa BCD1
293d 44                                 Lsra
293e 44                                 Lsra
293f 44                                 Lsra
2940 44                                 Lsra
2941 e6 e4                              Ldab A,X
2943 7b 10 24                           Stab Dsp3
                        
2946 b6 10 2c                           Ldaa BCD2
2949 84 0f                              Anda #$0F
294b e6 e4                              Ldab A,X
294d 7b 10 23                           Stab Dsp2
                        
2950 b6 10 2c                           Ldaa BCD2
2953 44                                 Lsra
2954 44                                 Lsra
2955 44                                 Lsra
2956 44                                 Lsra
2957 e6 e4                              Ldab A,X
2959 7b 10 22                           Stab Dsp1
                        
295c 3d                 FinBCD_7SEG     Rts
                        
                        ;*******************************************************************************
                        ;                       SUBRUTINA BORRAR NUM ARRAY
                        ;*******************************************************************************
                        
295d                    Borrar_Num_Array
295d cd 10 10                         Ldy #Num_Array
2960 86 00                            Ldaa #0
                        
2962                    BorrandoNumArray
2962 b1 10 00                         Cmpa MAX_TCL
2965 27 07                            Beq FIN_Borrar_Num_Array
                        
2967 18 08 70 ff                      Movb #$FF,1,Y+
296b 42                               Inca
296c 20 f4                            Bra BorrandoNumArray
                        
296e                    FIN_Borrar_Num_Array
296e 3d                               Rts
                        
                        ;*******************************************************************************
                        ;                     SUBRUTINA DE ATENCION MOD COUNT DOWN
                        ;*******************************************************************************
                        
296f                    Maquina_Tiempos:
296f ce 15 00                          Ldx #Tabla_Timers_BaseT
2972 16 29 ce                          Jsr Decre_Timers_BaseT
2975 4c 67 80                          Bset MCFLG, $80
2978 0b                                RTI
                        
                        ;*******************************************************************************
                        ;                       SUBRUTINA DECRE TABLATIMERS
                        ;*******************************************************************************
                        
2979                    Decre_TablaTimers:
2979 fc 15 00                           Ldd Timer1mS
297c 26 0c                              Bne Loop
297e 18 03 00 32 15 00                  Movw #tTimer1mS,Timer1mS
2984 ce 15 10                           Ldx #Tabla_Timers_Base1mS
2987 16 29 be                           Jsr Decre_Timers
298a fc 15 02           Loop            Ldd Timer10mS
298d 26 0c                              Bne Loop2
298f 18 03 01 f4 15 02                  Movw #tTimer10mS,Timer10mS
2995 ce 15 16                           Ldx #Tabla_Timers_Base10mS
2998 16 29 be                           Jsr Decre_Timers
299b fc 15 04           Loop2           Ldd Timer100mS
299e 26 0c                              Bne Loop3
29a0 18 03 13 88 15 04                  Movw #tTimer100mS,Timer100mS
29a6 ce 15 19                           Ldx #Tabla_Timers_Base100mS
29a9 16 29 be                           Jsr Decre_Timers
29ac fc 15 06           Loop3           Ldd Timer1S
29af 26 0c                              Bne Retornar
29b1 18 03 c3 50 15 06                  Movw #tTimer1S,Timer1S
29b7 ce 15 1f                           Ldx #Tabla_Timers_Base1S
29ba 16 29 be                           Jsr Decre_Timers
                        
29bd 3d                 Retornar        Rts
                        
                        ;*******************************************************************************
                        ;                       SUBRUTINA DECRE TIMERS
                        ;*******************************************************************************
                        
29be                    Decre_Timers:
29be e7 00                              Tst 0,X
29c0 27 08                              Beq Incremento
29c2 a6 00                              Ldaa 0,X
29c4 81 ff                              Cmpa #$FF
29c6 27 05                              Beq Retorno
29c8 63 00                              Dec 0,X
                        
29ca 08                 Incremento      Inx
29cb 20 f1                              Bra Decre_Timers
                        
29cd 3d                 Retorno         Rts
                        
                        ;*******************************************************************************
                        ;                       SUBRUTINA DECRE TIMERS BASET
                        ;*******************************************************************************
                        
29ce                    Decre_Timers_BaseT:
29ce ed 31                             Ldy 2,X+
29d0 8d 00 00                          Cpy #0
29d3 27 f9                             Beq Decre_Timers_BaseT
29d5 8d ff ff                          Cpy #$FFFF
29d8 26 02                             Bne Siga
29da 20 05                             Bra Retorne
                        
29dc 03                 Siga           Dey
29dd 6d 1e                             Sty -2,X
29df 20 ed                             Bra Decre_Timers_BaseT
                        
29e1 3d                 Retorne        Rts

Executed: Fri Dec 05 12:59:19 2025
Total cycles: 2821, Total bytes: 2821
Total errors: 0, Total warnings: 0
